timestamp,step,operation,latency_ms,success,data_size,extra
1776377200.490693,0,access_control,26.162,True,0,TTuru_Soola
1776377200.6183717,0,log_decision,127.513,True,0,TTuru_Soola
1776377200.7358658,0,access_control,26.82,True,0,TRiia_Turu
1776377200.7873456,0,access_control,39.358,True,0,TTuru_Aida
1776377200.9317977,0,access_control,21.848,True,0,TRiia_Kalevi
1776377200.9635413,0,log_decision,175.949,True,0,TTuru_Aida
1776377201.0331092,0,log_decision,101.191,False,0,"{'message': ""VM Exception while processing transaction: the tx doesn't have the correct nonce. account has nonce of: 127 tx has nonce of: 126 (vm hf=shanghai -> block -> tx)"", 'stack': ""RuntimeError: VM Exception while processing transaction: the tx doesn't have the correct nonce. account has nonce of: 127 tx has nonce of: 126 (vm hf=shanghai -> block -> tx)\n    at Miner.<anonymous> (C:\\Users\\javed\\AppData\\Local\\npm-cache\\_npx\\7399d9d513db3449\\node_modules\\ganache\\dist\\node\\1.js:2:176352)\n    at async Miner.<anonymous> (C:\\Users\\javed\\AppData\\Local\\npm-cache\\_npx\\7399d9d513db3449\\node_modules\\ganache\\dist\\node\\1.js:2:174660)\n    at async Miner.<anonymous> (C:\\Users\\javed\\AppData\\Local\\npm-cache\\_npx\\7399d9d513db3449\\node_modules\\ganache\\dist\\node\\1.js:2:173310)\n    at async Miner.mine (C:\\Users\\javed\\AppData\\Local\\npm-cache\\_npx\\7399d9d513db3449\\node_modules\\ganache\\dist\\node\\1.js:2:177695)\n    at async Blockchain.mine (C:\\Users\\javed\\AppData\\Local\\npm-cache\\_npx\\7399d9d513db3449\\node_modules\\ganache\\dist\\node\\1.js:2:87561)\n    at async Promise.all (index 0)\n    at async TransactionPool.emit (C:\\Users\\javed\\AppData\\Local\\npm-cache\\_npx\\7399d9d513db3449\\node_modules\\ganache\\node_modules\\emittery\\index.js:303:3)"", 'code': -32000, 'name': 'RuntimeError', 'data': {'hash': '0x4a879bf250ce411cc8b5e658af4b0627eb9ed104bbd0ccaff95e90782dde525a', 'programCounter': 0, 'result': '0x4a879bf250ce411cc8b5e658af4b0627eb9ed104bbd0ccaff95e90782dde525a', 'reason': None, 'message': ""the tx doesn't have the correct nonce. account has nonce of: 127 tx has nonce of: 126 (vm hf=shanghai -> block -> tx)""}}"
1776377215.5801504,0,access_control,50.402,True,0,TTuru_Soola
1776377215.7183783,0,log_decision,138.047,True,0,TTuru_Soola
1776377220.031751,0,access_control,53.483,True,0,TTuru_Aida
1776377220.1527166,0,log_decision,120.837,True,0,TTuru_Aida
1776377220.4226396,0,access_control,23.776,True,0,TRiia_Kalevi
1776377220.5870485,0,log_decision,164.272,True,0,TRiia_Kalevi
1776377230.6973608,0,access_control,40.931,True,0,TTuru_Soola
1776377230.8206167,0,log_decision,123.136,True,0,TTuru_Soola
1776377231.0111632,0,log_decision,30275.156,True,0,TRiia_Turu
1776377236.793827,0,access_control,42.878,True,0,TRiia_Turu
1776377236.9215415,0,log_decision,127.566,True,0,TRiia_Turu
1776377239.3387315,0,access_control,43.256,True,0,TRiia_Kalevi
1776377239.4609578,0,log_decision,122.028,True,0,TRiia_Kalevi
1776377252.3196018,0,access_control,64.571,True,0,TRiia_Turu
1776377252.4557645,0,log_decision,135.976,True,0,TRiia_Turu
1776377255.2342892,0,access_control,22.229,True,0,TTuru_Soola
1776377255.3507204,0,log_decision,116.303,True,0,TTuru_Soola
1776377257.4995732,0,access_control,20.13,True,0,TTuru_Aida
1776377257.6308436,0,log_decision,131.109,True,0,TTuru_Aida
1776377258.2146268,0,access_control,43.422,True,0,TRiia_Kalevi
1776377258.3326826,0,log_decision,117.896,True,0,TRiia_Kalevi
1776377270.6199079,0,access_control,24.754,True,0,TTuru_Soola
1776377270.7385757,0,log_decision,118.471,True,0,TTuru_Soola
1776377273.743673,0,access_control,29.618,True,0,TRiia_Kalevi
1776377273.85752,0,log_decision,113.701,True,0,TRiia_Kalevi
1776377285.7493823,0,access_control,46.763,True,0,TTuru_Soola
1776377285.7681649,0,access_control,27.36,True,0,TTuru_Aida
1776377285.8618894,0,log_decision,111.244,False,0,"{'message': ""VM Exception while processing transaction: the tx doesn't have the correct nonce. account has nonce of: 2769 tx has nonce of: 2768 (vm hf=shanghai -> block -> tx)"", 'stack': ""RuntimeError: VM Exception while processing transaction: the tx doesn't have the correct nonce. account has nonce of: 2769 tx has nonce of: 2768 (vm hf=shanghai -> block -> tx)\n    at Miner.<anonymous> (C:\\Users\\javed\\AppData\\Local\\npm-cache\\_npx\\7399d9d513db3449\\node_modules\\ganache\\dist\\node\\1.js:2:176352)\n    at async Miner.<anonymous> (C:\\Users\\javed\\AppData\\Local\\npm-cache\\_npx\\7399d9d513db3449\\node_modules\\ganache\\dist\\node\\1.js:2:174660)\n    at async Miner.<anonymous> (C:\\Users\\javed\\AppData\\Local\\npm-cache\\_npx\\7399d9d513db3449\\node_modules\\ganache\\dist\\node\\1.js:2:173310)\n    at async Miner.mine (C:\\Users\\javed\\AppData\\Local\\npm-cache\\_npx\\7399d9d513db3449\\node_modules\\ganache\\dist\\node\\1.js:2:177695)\n    at async Blockchain.mine (C:\\Users\\javed\\AppData\\Local\\npm-cache\\_npx\\7399d9d513db3449\\node_modules\\ganache\\dist\\node\\1.js:2:87561)\n    at async Promise.all (index 0)\n    at async TransactionPool.emit (C:\\Users\\javed\\AppData\\Local\\npm-cache\\_npx\\7399d9d513db3449\\node_modules\\ganache\\node_modules\\emittery\\index.js:303:3)"", 'code': -32000, 'name': 'RuntimeError', 'data': {'hash': '0x24188616e60a697b9653baf15d62d81f96611257305de33b8c6e429d859ca696', 'programCounter': 0, 'result': '0x24188616e60a697b9653baf15d62d81f96611257305de33b8c6e429d859ca696', 'reason': None, 'message': ""the tx doesn't have the correct nonce. account has nonce of: 2769 tx has nonce of: 2768 (vm hf=shanghai -> block -> tx)""}}"
1776377285.9299967,0,log_decision,161.482,True,0,TTuru_Aida
1776377289.14793,0,access_control,44.55,True,0,TRiia_Kalevi
1776377289.276292,0,log_decision,128.188,True,0,TRiia_Kalevi
1776377289.647397,0,access_control,26.242,True,0,TRiia_Turu
1776377289.757272,0,log_decision,109.711,True,0,TRiia_Turu
1776377306.5824544,0,access_control,37.56,True,0,TRiia_Turu
1776377306.7023118,0,log_decision,119.702,True,0,TRiia_Turu
1776377307.4498286,0,access_control,21.582,True,0,TTuru_Aida
1776377307.530608,0,log_decision,80.628,False,0,"{'message': ""VM Exception while processing transaction: the tx doesn't have the correct nonce. account has nonce of: 3490 tx has nonce of: 3489 (vm hf=shanghai -> block -> tx)"", 'stack': ""RuntimeError: VM Exception while processing transaction: the tx doesn't have the correct nonce. account has nonce of: 3490 tx has nonce of: 3489 (vm hf=shanghai -> block -> tx)\n    at Miner.<anonymous> (C:\\Users\\javed\\AppData\\Local\\npm-cache\\_npx\\7399d9d513db3449\\node_modules\\ganache\\dist\\node\\1.js:2:176352)\n    at async Miner.<anonymous> (C:\\Users\\javed\\AppData\\Local\\npm-cache\\_npx\\7399d9d513db3449\\node_modules\\ganache\\dist\\node\\1.js:2:174660)\n    at async Miner.<anonymous> (C:\\Users\\javed\\AppData\\Local\\npm-cache\\_npx\\7399d9d513db3449\\node_modules\\ganache\\dist\\node\\1.js:2:173310)\n    at async Miner.<anonymous> (C:\\Users\\javed\\AppData\\Local\\npm-cache\\_npx\\7399d9d513db3449\\node_modules\\ganache\\dist\\node\\1.js:2:173472)\n    at async Miner.mine (C:\\Users\\javed\\AppData\\Local\\npm-cache\\_npx\\7399d9d513db3449\\node_modules\\ganache\\dist\\node\\1.js:2:177695)\n    at async Blockchain.mine (C:\\Users\\javed\\AppData\\Local\\npm-cache\\_npx\\7399d9d513db3449\\node_modules\\ganache\\dist\\node\\1.js:2:87561)\n    at async Promise.all (index 0)\n    at async TransactionPool.emit (C:\\Users\\javed\\AppData\\Local\\npm-cache\\_npx\\7399d9d513db3449\\node_modules\\ganache\\node_modules\\emittery\\index.js:303:3)"", 'code': -32000, 'name': 'RuntimeError', 'data': {'hash': '0x2d688b01f2b8f769541822f7319679045465d44129369fe08f9adf253a6ccd91', 'programCounter': 0, 'result': '0x2d688b01f2b8f769541822f7319679045465d44129369fe08f9adf253a6ccd91', 'reason': None, 'message': ""the tx doesn't have the correct nonce. account has nonce of: 3490 tx has nonce of: 3489 (vm hf=shanghai -> block -> tx)""}}"
1776377309.3082023,0,access_control,29.652,True,0,TTuru_Soola
1776377309.454428,0,log_decision,146.039,True,0,TTuru_Soola
1776377310.034503,0,access_control,33.802,True,0,TRiia_Kalevi
1776377310.1376374,0,log_decision,102.981,True,0,TRiia_Kalevi
1776377328.7050035,0,access_control,22.052,True,0,TTuru_Soola
1776377328.8044167,0,log_decision,99.286,True,0,TTuru_Soola
1776377338.8273244,0,access_control,21.059,True,0,TTuru_Aida
1776377338.9163756,0,log_decision,88.894,True,0,TTuru_Aida
1776377340.187749,0,access_control,18.783,True,0,TRiia_Turu
1776377340.281251,0,log_decision,93.371,True,0,TRiia_Turu
1776377342.9217892,0,access_control,35.595,True,0,TRiia_Kalevi
1776377343.0119205,0,log_decision,89.958,True,0,TRiia_Kalevi
1776377370.786961,0,access_control,43.679,True,0,TTuru_Aida
1776377370.9058108,0,log_decision,118.627,True,0,TTuru_Aida
1776377371.471073,0,access_control,23.881,True,0,TRiia_Turu
1776377371.6381464,0,log_decision,166.951,True,0,TRiia_Turu
1776377372.4686155,0,access_control,38.102,True,0,TTuru_Soola
1776377372.5796854,0,log_decision,110.854,True,0,TTuru_Soola
1776377373.393208,0,access_control,40.251,True,0,TRiia_Kalevi
1776377373.4867892,0,log_decision,93.452,True,0,TRiia_Kalevi
1776377391.2886293,0,access_control,20.165,True,0,TTuru_Aida
1776377391.41442,0,log_decision,125.612,True,0,TTuru_Aida
1776377401.1767657,0,access_control,20.671,True,0,TRiia_Turu
1776377401.2749043,0,log_decision,97.975,True,0,TRiia_Turu
1776377404.0215871,0,access_control,38.964,True,0,TRiia_Kalevi
1776377404.1410847,0,log_decision,119.315,True,0,TRiia_Kalevi
1776377404.6134412,0,access_control,27.001,True,0,TTuru_Soola
1776377404.7322986,0,log_decision,118.724,True,0,TTuru_Soola
1776377422.433185,0,access_control,31.8,True,0,TTuru_Aida
1776377422.5389633,0,log_decision,105.647,True,0,TTuru_Aida
1776377426.7806196,0,access_control,27.566,True,0,TRiia_Kalevi
1776377426.8854494,0,log_decision,104.696,True,0,TRiia_Kalevi
1776377432.3708668,0,access_control,30.002,True,0,TRiia_Turu
1776377432.482989,0,log_decision,111.982,True,0,TRiia_Turu
1776377447.9725199,0,access_control,14.158,True,0,TRiia_Kalevi
1776377448.0328903,0,log_decision,60.278,True,0,TRiia_Kalevi
776377202.751125,81,anchor_data,15.178,True,0,metrics
1776377202.7648554,81,anchor_data,13.679,True,0,tl_state
1776377202.7952516,82,anchor_data,12.13,True,0,metrics
1776377202.8062057,82,anchor_data,10.901,True,0,tl_state
1776377202.857395,83,anchor_data,11.376,True,0,metrics
1776377202.869099,83,anchor_data,11.652,True,0,tl_state
1776377202.9191318,84,anchor_data,13.199,True,0,metrics
1776377202.9298124,84,anchor_data,10.568,True,0,tl_state
1776377202.9892368,85,anchor_data,14.601,True,0,metrics
1776377203.0015798,85,anchor_data,12.286,True,0,tl_state
1776377203.012743,85,anchor_batch,11.094,True,36,vehicles
1776377203.0413735,86,anchor_data,13.849,True,0,metrics
1776377203.0532255,86,anchor_data,11.794,True,0,tl_state
1776377203.1018548,87,anchor_data,11.097,True,0,metrics
1776377203.1140084,87,anchor_data,11.974,True,0,tl_state
1776377203.1627061,88,anchor_data,12.252,True,0,metrics
1776377203.1751046,88,anchor_data,12.337,True,0,tl_state
1776377203.2275426,89,anchor_data,11.333,True,0,metrics
1776377203.2382808,89,anchor_data,10.683,True,0,tl_state
1776377203.2898312,90,anchor_data,11.731,True,0,metrics
1776377203.2998426,90,anchor_data,9.958,True,0,tl_state
1776377203.3112087,90,anchor_batch,11.312,True,35,vehicles
1776377203.3432517,91,anchor_data,13.893,True,0,metrics
1776377203.3558495,91,anchor_data,12.544,True,0,tl_state
1776377203.397704,92,anchor_data,13.543,True,0,metrics
1776377203.412253,92,anchor_data,14.493,True,0,tl_state
1776377203.456608,93,anchor_data,12.142,True,0,metrics
1776377203.4674857,93,anchor_data,10.815,True,0,tl_state
1776377203.5201926,94,anchor_data,12.863,True,0,metrics
1776377203.5320714,94,anchor_data,11.816,True,0,tl_state
1776377203.579656,95,anchor_data,11.27,True,0,metrics
1776377203.5911782,95,anchor_data,11.466,True,0,tl_state
1776377203.601041,95,anchor_batch,9.803,True,37,vehicles
1776377203.6455622,96,anchor_data,14.344,True,0,metrics
1776377203.65732,96,anchor_data,11.707,True,0,tl_state
1776377203.708725,97,anchor_data,11.897,True,0,metrics
1776377203.719441,97,anchor_data,10.655,True,0,tl_state
1776377203.7684774,98,anchor_data,12.004,True,0,metrics
1776377203.7810032,98,anchor_data,12.465,True,0,tl_state
1776377203.830004,99,anchor_data,12.818,True,0,metrics
1776377203.8422463,99,anchor_data,12.174,True,0,tl_state
1776377203.893893,100,anchor_data,13.131,True,0,metrics
1776377203.9073064,100,anchor_data,13.355,True,0,tl_state
1776377203.9187675,100,anchor_batch,11.399,True,37,vehicles
1776377203.953241,101,anchor_data,15.359,True,0,metrics
1776377203.9649026,101,anchor_data,11.591,True,0,tl_state
1776377204.0136633,102,anchor_data,11.945,True,0,metrics
1776377204.0255692,102,anchor_data,11.85,True,0,tl_state
1776377204.0798435,103,anchor_data,13.459,True,0,metrics
1776377204.0926325,103,anchor_data,12.738,True,0,tl_state
1776377204.1393716,104,anchor_data,11.993,True,0,metrics
1776377204.1498544,104,anchor_data,10.429,True,0,tl_state
1776377204.212356,105,anchor_data,20.175,True,0,metrics
1776377204.2257462,105,anchor_data,13.331,True,0,tl_state
1776377204.2404828,105,anchor_batch,14.674,True,40,vehicles
1776377204.2723079,106,anchor_data,14.49,True,0,metrics
1776377204.2833579,106,anchor_data,10.99,True,0,tl_state
1776377204.3264012,107,anchor_data,13.438,True,0,metrics
1776377204.3391037,107,anchor_data,12.646,True,0,tl_state
1776377204.3903294,108,anchor_data,15.429,True,0,metrics
1776377204.403791,108,anchor_data,13.389,True,0,tl_state
1776377204.4515338,109,anchor_data,14.958,True,0,metrics
1776377204.465245,109,anchor_data,13.635,True,0,tl_state
1776377204.512501,110,anchor_data,12.039,True,0,metrics
1776377204.525116,110,anchor_data,12.563,True,0,tl_state
1776377204.537359,110,anchor_batch,12.182,True,39,vehicles
1776377204.5684378,111,anchor_data,13.086,True,0,metrics
1776377204.5792458,111,anchor_data,10.742,True,0,tl_state
1776377204.6210647,112,anchor_data,12.7,True,0,metrics
1776377204.632849,112,anchor_data,11.724,True,0,tl_state
1776377204.681002,113,anchor_data,10.637,True,0,metrics
1776377204.6926517,113,anchor_data,11.598,True,0,tl_state
1776377204.7474709,114,anchor_data,14.375,True,0,metrics
1776377204.7597156,114,anchor_data,12.151,True,0,tl_state
1776377204.805148,115,anchor_data,12.105,True,0,metrics
1776377204.815113,115,anchor_data,9.906,True,0,tl_state
1776377204.8278418,115,anchor_batch,12.678,True,39,vehicles
1776377204.8551078,116,anchor_data,11.903,True,0,metrics
1776377204.8661106,116,anchor_data,10.918,True,0,tl_state
1776377204.9140959,117,anchor_data,13.306,True,0,metrics
1776377204.9252179,117,anchor_data,11.068,True,0,tl_state
1776377204.9780936,118,anchor_data,12.464,True,0,metrics
1776377204.990269,118,anchor_data,12.123,True,0,tl_state
1776377205.038939,119,anchor_data,12.355,True,0,metrics
1776377205.04877,119,anchor_data,9.775,True,0,tl_state
1776377205.1015692,120,anchor_data,12.38,True,0,metrics
1776377205.115456,120,anchor_data,13.821,True,0,tl_state
1776377205.1416492,120,anchor_batch,26.099,True,40,vehicles
1776377205.1826706,121,anchor_data,11.702,True,0,metrics
1776377205.1947484,121,anchor_data,12.016,True,0,tl_state
1776377205.22358,122,anchor_data,12.934,True,0,metrics
1776377205.2373886,122,anchor_data,13.753,True,0,tl_state
1776377205.284964,123,anchor_data,11.214,True,0,metrics
1776377205.2958589,123,anchor_data,10.831,True,0,tl_state
1776377205.3644698,124,anchor_data,20.076,True,0,metrics
1776377205.3838267,124,anchor_data,19.276,True,0,tl_state
1776377205.42712,125,anchor_data,24.262,True,0,metrics
1776377205.453804,125,anchor_data,26.564,True,0,tl_state
1776377205.4794245,125,anchor_batch,25.5,True,38,vehicles
1776377205.5332887,126,anchor_data,23.688,True,0,metrics
1776377205.5600994,126,anchor_data,26.721,True,0,tl_state
1776377205.6141484,127,anchor_data,24.039,True,0,metrics
1776377205.637625,127,anchor_data,23.392,True,0,tl_state
1776377205.6947606,128,anchor_data,28.163,True,0,metrics
1776377205.7201033,128,anchor_data,25.253,True,0,tl_state
1776377205.7764828,129,anchor_data,28.208,True,0,metrics
1776377205.8073227,129,anchor_data,30.73,True,0,tl_state
1776377205.858941,130,anchor_data,26.118,True,0,metrics
1776377205.88439,130,anchor_data,25.325,True,0,tl_state
1776377205.9123456,130,anchor_batch,27.85,True,38,vehicles
1776377205.96588,131,anchor_data,23.178,True,0,metrics
1776377205.9906683,131,anchor_data,24.669,True,0,tl_state
1776377206.039133,132,anchor_data,23.605,True,0,metrics
1776377206.0594516,132,anchor_data,20.208,True,0,tl_state
1776377206.1028154,133,anchor_data,21.01,True,0,metrics
1776377206.1270337,133,anchor_data,24.129,True,0,tl_state
1776377206.1755624,134,anchor_data,25.04,True,0,metrics
1776377206.2000883,134,anchor_data,24.418,True,0,tl_state
1776377206.2508616,135,anchor_data,25.278,True,0,metrics
1776377206.2729225,135,anchor_data,21.973,True,0,tl_state
1776377206.2977407,135,anchor_batch,24.715,True,41,vehicles
1776377206.348923,136,anchor_data,22.234,True,0,metrics
1776377206.3672512,136,anchor_data,18.254,True,0,tl_state
1776377206.4143534,137,anchor_data,21.717,True,0,metrics
1776377206.4368854,137,anchor_data,22.453,True,0,tl_state
1776377206.4761906,138,anchor_data,19.198,True,0,metrics
1776377206.4949174,138,anchor_data,18.652,True,0,tl_state
1776377206.537195,139,anchor_data,20.398,True,0,metrics
1776377206.5560582,139,anchor_data,18.721,True,0,tl_state
1776377206.59599,140,anchor_data,18.728,True,0,metrics
1776377206.6134603,140,anchor_data,17.395,True,0,tl_state
1776377206.6327155,140,anchor_batch,19.159,True,38,vehicles
1776377206.6813145,141,anchor_data,23.347,True,0,metrics
1776377206.7001023,141,anchor_data,18.686,True,0,tl_state
1776377206.742962,142,anchor_data,20.372,True,0,metrics
1776377206.7657983,142,anchor_data,22.744,True,0,tl_state
1776377206.8108852,143,anchor_data,22.139,True,0,metrics
1776377206.8325346,143,anchor_data,21.526,True,0,tl_state
1776377206.886219,144,anchor_data,29.399,True,0,metrics
1776377206.9108038,144,anchor_data,24.412,True,0,tl_state
1776377206.9577568,145,anchor_data,21.461,True,0,metrics
1776377206.9870758,145,anchor_data,29.255,True,0,tl_state
1776377207.0235245,145,anchor_batch,36.363,True,39,vehicles
1776377207.0762124,146,anchor_data,22.541,True,0,metrics
1776377207.0980518,146,anchor_data,21.743,True,0,tl_state
1776377207.1480844,147,anchor_data,23.254,True,0,metrics
1776377207.1720607,147,anchor_data,23.874,True,0,tl_state
1776377207.2205818,148,anchor_data,23.689,True,0,metrics
1776377207.2432091,148,anchor_data,22.523,True,0,tl_state
1776377207.287078,149,anchor_data,22.174,True,0,metrics
1776377207.3047733,149,anchor_data,17.627,True,0,tl_state
1776377207.3383343,150,anchor_data,15.052,True,0,metrics
1776377207.3523946,150,anchor_data,13.997,True,0,tl_state
1776377207.3652475,150,anchor_batch,12.777,True,37,vehicles
1776377207.4023666,151,anchor_data,18.373,True,0,metrics
1776377207.4203844,151,anchor_data,17.919,True,0,tl_state
1776377207.452472,152,anchor_data,15.296,True,0,metrics
1776377207.4675145,152,anchor_data,14.874,True,0,tl_state
1776377207.5092356,153,anchor_data,14.517,True,0,metrics
1776377207.522757,153,anchor_data,13.46,True,0,tl_state
1776377207.5763712,154,anchor_data,15.432,True,0,metrics
1776377207.5906534,154,anchor_data,14.213,True,0,tl_state
1776377207.6385236,155,anchor_data,16.243,True,0,metrics
1776377207.651569,155,anchor_data,12.98,True,0,tl_state
1776377207.664174,155,anchor_batch,12.534,True,37,vehicles
1776377207.6925797,156,anchor_data,12.538,True,0,metrics
1776377207.7051075,156,anchor_data,12.471,True,0,tl_state
1776377207.752942,157,anchor_data,12.586,True,0,metrics
1776377207.764441,157,anchor_data,11.44,True,0,tl_state
1776377207.8182776,158,anchor_data,13.136,True,0,metrics
1776377207.8311608,158,anchor_data,12.814,True,0,tl_state
1776377207.8819115,159,anchor_data,14.476,True,0,metrics
1776377207.8977005,159,anchor_data,15.73,True,0,tl_state
1776377207.9467955,160,anchor_data,14.934,True,0,metrics
1776377207.9589982,160,anchor_data,12.093,True,0,tl_state
1776377207.9717216,160,anchor_batch,12.665,True,35,vehicles
1776377208.004189,161,anchor_data,14.702,True,0,metrics
1776377208.0168705,161,anchor_data,12.606,True,0,tl_state
1776377208.064974,162,anchor_data,14.069,True,0,metrics
1776377208.0781772,162,anchor_data,13.145,True,0,tl_state
1776377208.128278,163,anchor_data,13.092,True,0,metrics
1776377208.1404946,163,anchor_data,12.165,True,0,tl_state
1776377208.1897852,164,anchor_data,13.715,True,0,metrics
1776377208.2022495,164,anchor_data,12.406,True,0,tl_state
1776377208.252688,165,anchor_data,13.275,True,0,metrics
1776377208.265165,165,anchor_data,12.381,True,0,tl_state
1776377208.27825,165,anchor_batch,13.027,True,36,vehicles
1776377208.3098857,166,anchor_data,13.069,True,0,metrics
1776377208.3211315,166,anchor_data,11.192,True,0,tl_state
1776377208.360545,167,anchor_data,13.405,True,0,metrics
1776377208.3727665,167,anchor_data,12.162,True,0,tl_state
1776377208.4228256,168,anchor_data,14.224,True,0,metrics
1776377208.4336371,168,anchor_data,10.75,True,0,tl_state
1776377208.4882472,169,anchor_data,13.994,True,0,metrics
1776377208.4989398,169,anchor_data,10.628,True,0,tl_state
1776377208.547205,170,anchor_data,13.372,True,0,metrics
1776377208.5617397,170,anchor_data,14.476,True,0,tl_state
1776377208.5766315,170,anchor_batch,14.795,True,38,vehicles
1776377208.6089644,171,anchor_data,13.414,True,0,metrics
1776377208.6221821,171,anchor_data,13.163,True,0,tl_state
1776377208.6729999,172,anchor_data,13.377,True,0,metrics
1776377208.6847534,172,anchor_data,11.67,True,0,tl_state
1776377208.7315433,173,anchor_data,11.557,True,0,metrics
1776377208.7454169,173,anchor_data,13.816,True,0,tl_state
1776377208.7933939,174,anchor_data,12.18,True,0,metrics
1776377208.8133614,174,anchor_data,19.915,True,0,tl_state
1776377208.8763084,175,anchor_data,21.656,True,0,metrics
1776377208.8997426,175,anchor_data,23.336,True,0,tl_state
1776377208.9229798,175,anchor_batch,23.142,True,39,vehicles
1776377208.9752736,176,anchor_data,25.123,True,0,metrics
1776377208.9970703,176,anchor_data,21.71,True,0,tl_state
1776377209.038887,177,anchor_data,20.16,True,0,metrics
1776377209.0584342,177,anchor_data,19.454,True,0,tl_state
1776377209.098109,178,anchor_data,20.354,True,0,metrics
1776377209.1174703,178,anchor_data,19.245,True,0,tl_state
1776377209.1570358,179,anchor_data,19.293,True,0,metrics
1776377209.179866,179,anchor_data,22.737,True,0,tl_state
1776377209.2204134,180,anchor_data,20.623,True,0,metrics
1776377209.2399716,180,anchor_data,19.466,True,0,tl_state
1776377209.2610867,180,anchor_batch,21.014,True,41,vehicles
1776377209.3118315,181,anchor_data,21.173,True,0,metrics
1776377209.331909,181,anchor_data,19.96,True,0,tl_state
1776377209.3742156,182,anchor_data,21.079,True,0,metrics
1776377209.397846,182,anchor_data,23.521,True,0,tl_state
1776377209.4412751,183,anchor_data,19.367,True,0,metrics
1776377209.4616306,183,anchor_data,20.27,True,0,tl_state
1776377209.504946,184,anchor_data,21.37,True,0,metrics
1776377209.526734,184,anchor_data,21.706,True,0,tl_state
1776377209.5713642,185,anchor_data,22.342,True,0,metrics
1776377209.5939653,185,anchor_data,22.513,True,0,tl_state
1776377209.617131,185,anchor_batch,23.07,True,44,vehicles
1776377209.6639442,186,anchor_data,21.761,True,0,metrics
1776377209.6864545,186,anchor_data,22.35,True,0,tl_state
1776377209.7346392,187,anchor_data,21.134,True,0,metrics
1776377209.755134,187,anchor_data,20.394,True,0,tl_state
1776377209.7959607,188,anchor_data,20.089,True,0,metrics
1776377209.817575,188,anchor_data,21.522,True,0,tl_state
1776377209.8601367,189,anchor_data,20.133,True,0,metrics
1776377209.8797107,189,anchor_data,19.479,True,0,tl_state
1776377209.923126,190,anchor_data,21.537,True,0,metrics
1776377209.9444578,190,anchor_data,21.239,True,0,tl_state
1776377209.9708486,190,anchor_batch,26.3,True,44,vehicles
1776377210.0203638,191,anchor_data,24.331,True,0,metrics
1776377210.042073,191,anchor_data,21.616,True,0,tl_state
1776377210.0884554,192,anchor_data,22.667,True,0,metrics
1776377210.1099076,192,anchor_data,21.363,True,0,tl_state
1776377210.1610243,193,anchor_data,21.518,True,0,metrics
1776377210.1833866,193,anchor_data,22.259,True,0,tl_state
1776377210.2323503,194,anchor_data,22.81,True,0,metrics
1776377210.2558417,194,anchor_data,23.402,True,0,tl_state
1776377210.302932,195,anchor_data,22.884,True,0,metrics
1776377210.324749,195,anchor_data,21.724,True,0,tl_state
1776377210.3474507,195,anchor_batch,22.541,True,46,vehicles
1776377210.3975685,196,anchor_data,20.318,True,0,metrics
1776377210.4182558,196,anchor_data,20.535,True,0,tl_state
1776377210.468389,197,anchor_data,23.552,True,0,metrics
1776377210.490681,197,anchor_data,22.192,True,0,tl_state
1776377210.5354228,198,anchor_data,22.237,True,0,metrics
1776377210.557029,198,anchor_data,21.483,True,0,tl_state
1776377210.6011488,199,anchor_data,20.096,True,0,metrics
1776377210.622059,199,anchor_data,20.757,True,0,tl_state
1776377210.6703207,200,anchor_data,24.063,True,0,metrics
1776377210.6922195,200,anchor_data,21.749,True,0,tl_state
1776377210.7137241,200,anchor_batch,21.406,True,45,vehicles
1776377210.7698853,201,anchor_data,22.705,True,0,metrics
1776377210.793297,201,anchor_data,23.27,True,0,tl_state
1776377210.8367028,202,anchor_data,20.746,True,0,metrics
1776377210.8575776,202,anchor_data,20.786,True,0,tl_state
1776377210.910294,203,anchor_data,20.659,True,0,metrics
1776377210.929615,203,anchor_data,19.18,True,0,tl_state
1776377210.971285,204,anchor_data,20.931,True,0,metrics
1776377210.9923615,204,anchor_data,20.977,True,0,tl_state
1776377211.0365534,205,anchor_data,21.173,True,0,metrics
1776377211.0734856,205,anchor_data,36.835,True,0,tl_state
1776377211.1054966,205,anchor_batch,31.919,True,45,vehicles
1776377211.1568635,206,anchor_data,19.383,True,0,metrics
1776377211.1782432,206,anchor_data,21.283,True,0,tl_state
1776377211.2231798,207,anchor_data,23.988,True,0,metrics
1776377211.2449362,207,anchor_data,21.656,True,0,tl_state
1776377211.2895517,208,anchor_data,22.395,True,0,metrics
1776377211.3087013,208,anchor_data,19.067,True,0,tl_state
1776377211.3546724,209,anchor_data,21.928,True,0,metrics
1776377211.3745205,209,anchor_data,19.761,True,0,tl_state
1776377211.4178412,210,anchor_data,21.337,True,0,metrics
1776377211.4397774,210,anchor_data,21.827,True,0,tl_state
1776377211.4601645,210,anchor_batch,20.3,True,42,vehicles
1776377211.5067134,211,anchor_data,20.24,True,0,metrics
1776377211.525884,211,anchor_data,19.085,True,0,tl_state
1776377211.5688057,212,anchor_data,21.313,True,0,metrics
1776377211.58829,212,anchor_data,19.386,True,0,tl_state
1776377211.630194,213,anchor_data,20.101,True,0,metrics
1776377211.6509044,213,anchor_data,20.61,True,0,tl_state
1776377211.6923752,214,anchor_data,19.704,True,0,metrics
1776377211.71668,214,anchor_data,24.205,True,0,tl_state
1776377211.7649827,215,anchor_data,22.424,True,0,metrics
1776377211.787306,215,anchor_data,22.227,True,0,tl_state
1776377211.8114722,215,anchor_batch,24.063,True,43,vehicles
1776377211.8645508,216,anchor_data,23.216,True,0,metrics
1776377211.8869603,216,anchor_data,22.323,True,0,tl_state
1776377211.929542,217,anchor_data,19.272,True,0,metrics
1776377211.950381,217,anchor_data,20.748,True,0,tl_state
1776377211.9950519,218,anchor_data,20.307,True,0,metrics
1776377212.015703,218,anchor_data,20.565,True,0,tl_state
1776377212.0608978,219,anchor_data,20.858,True,0,metrics
1776377212.0819218,219,anchor_data,20.938,True,0,tl_state
1776377212.124262,220,anchor_data,19.893,True,0,metrics
1776377212.1450586,220,anchor_data,20.717,True,0,tl_state
1776377212.165041,220,anchor_batch,19.874,True,45,vehicles
1776377212.2162514,221,anchor_data,22.377,True,0,metrics
1776377212.238133,221,anchor_data,21.748,True,0,tl_state
1776377212.2807083,222,anchor_data,19.653,True,0,metrics
1776377212.3021595,222,anchor_data,21.369,True,0,tl_state
1776377212.348856,223,anchor_data,21.257,True,0,metrics
1776377212.3695767,223,anchor_data,20.627,True,0,tl_state
1776377212.421473,224,anchor_data,23.237,True,0,metrics
1776377212.4423213,224,anchor_data,20.756,True,0,tl_state
1776377212.4865258,225,anchor_data,20.425,True,0,metrics
1776377212.507539,225,anchor_data,20.929,True,0,tl_state
1776377212.5317495,225,anchor_batch,24.122,True,48,vehicles
1776377212.5814826,226,anchor_data,20.701,True,0,metrics
1776377212.601013,226,anchor_data,19.452,True,0,tl_state
1776377212.6485891,227,anchor_data,22.952,True,0,metrics
1776377212.6687899,227,anchor_data,20.107,True,0,tl_state
1776377212.7141964,228,anchor_data,21.575,True,0,metrics
1776377212.7343066,228,anchor_data,20.023,True,0,tl_state
1776377212.7772648,229,anchor_data,19.094,True,0,metrics
1776377212.7966852,229,anchor_data,19.334,True,0,tl_state
1776377212.8410757,230,anchor_data,20.024,True,0,metrics
1776377212.8635025,230,anchor_data,22.338,True,0,tl_state
1776377212.8836846,230,anchor_batch,20.1,True,47,vehicles
1776377212.9305248,231,anchor_data,20.937,True,0,metrics
1776377212.9526753,231,anchor_data,22.067,True,0,tl_state
1776377212.9989073,232,anchor_data,20.752,True,0,metrics
1776377213.0190048,232,anchor_data,19.964,True,0,tl_state
1776377213.064181,233,anchor_data,22.227,True,0,metrics
1776377213.083882,233,anchor_data,19.612,True,0,tl_state
1776377213.1268375,234,anchor_data,20.598,True,0,metrics
1776377213.1454127,234,anchor_data,18.489,True,0,tl_state
1776377213.2265122,235,anchor_data,49.399,True,0,metrics
1776377213.253259,235,anchor_data,26.643,True,0,tl_state
1776377213.2752864,235,anchor_batch,21.93,True,47,vehicles
1776377213.3210166,236,anchor_data,20.772,True,0,metrics
1776377213.339325,236,anchor_data,18.221,True,0,tl_state
1776377213.384097,237,anchor_data,22.907,True,0,metrics
1776377213.4039102,237,anchor_data,19.464,True,0,tl_state
1776377213.4468524,238,anchor_data,20.243,True,0,metrics
1776377213.466819,238,anchor_data,19.872,True,0,tl_state
1776377213.5116813,239,anchor_data,21.231,True,0,metrics
1776377213.5325725,239,anchor_data,20.765,True,0,tl_state
1776377213.5792587,240,anchor_data,23.016,True,0,metrics
1776377213.6018927,240,anchor_data,22.551,True,0,tl_state
1776377213.623086,240,anchor_batch,21.072,True,43,vehicles
1776377213.6693106,241,anchor_data,20.557,True,0,metrics
1776377213.6926966,241,anchor_data,23.242,True,0,tl_state
1776377213.7365901,242,anchor_data,20.529,True,0,metrics
1776377213.7558987,242,anchor_data,19.215,True,0,tl_state
1776377213.7977371,243,anchor_data,20.142,True,0,metrics
1776377213.8172567,243,anchor_data,19.435,True,0,tl_state
1776377213.8584468,244,anchor_data,19.007,True,0,metrics
1776377213.878157,244,anchor_data,19.626,True,0,tl_state
1776377213.9218388,245,anchor_data,21.816,True,0,metrics
1776377213.943207,245,anchor_data,21.202,True,0,tl_state
1776377213.9628112,245,anchor_batch,19.485,True,44,vehicles
1776377214.0098374,246,anchor_data,21.489,True,0,metrics
1776377214.0299215,246,anchor_data,19.988,True,0,tl_state
1776377214.0824714,247,anchor_data,27.66,True,0,metrics
1776377214.1066124,247,anchor_data,24.048,True,0,tl_state
1776377214.1607056,248,anchor_data,24.996,True,0,metrics
1776377214.1834567,248,anchor_data,22.663,True,0,tl_state
1776377214.2288065,249,anchor_data,20.734,True,0,metrics
1776377214.251432,249,anchor_data,22.523,True,0,tl_state
1776377214.2940435,250,anchor_data,19.04,True,0,metrics
1776377214.315403,250,anchor_data,21.278,True,0,tl_state
1776377214.3360837,250,anchor_batch,20.512,True,42,vehicles
1776377214.3870144,251,anchor_data,25.658,True,0,metrics
1776377214.4088223,251,anchor_data,21.618,True,0,tl_state
1776377214.4515443,252,anchor_data,22.424,True,0,metrics
1776377214.473096,252,anchor_data,21.365,True,0,tl_state
1776377214.5167878,253,anchor_data,23.784,True,0,metrics
1776377214.5403929,253,anchor_data,23.511,True,0,tl_state
1776377214.5810964,254,anchor_data,20.729,True,0,metrics
1776377214.6024458,254,anchor_data,21.27,True,0,tl_state
1776377214.6465633,255,anchor_data,21.656,True,0,metrics
1776377214.672378,255,anchor_data,25.727,True,0,tl_state
1776377214.6933885,255,anchor_batch,20.908,True,40,vehicles
1776377214.7368236,256,anchor_data,20.721,True,0,metrics
1776377214.7578802,256,anchor_data,20.975,True,0,tl_state
1776377214.8003304,257,anchor_data,22.184,True,0,metrics
1776377214.820236,257,anchor_data,19.678,True,0,tl_state
1776377214.8585584,258,anchor_data,19.609,True,0,metrics
1776377214.8790326,258,anchor_data,20.375,True,0,tl_state
1776377214.9212782,259,anchor_data,21.6,True,0,metrics
1776377214.9406397,259,anchor_data,19.274,True,0,tl_state
1776377214.983289,260,anchor_data,21.617,True,0,metrics
1776377215.0043998,260,anchor_data,20.971,True,0,tl_state
1776377215.0234263,260,anchor_batch,18.901,True,40,vehicles
1776377215.0663235,261,anchor_data,19.821,True,0,metrics
1776377215.0861301,261,anchor_data,19.721,True,0,tl_state
1776377215.1269228,262,anchor_data,21.645,True,0,metrics
1776377215.1482556,262,anchor_data,21.247,True,0,tl_state
1776377215.2192163,263,anchor_data,47.722,True,0,metrics
1776377215.2473183,263,anchor_data,27.949,True,0,tl_state
1776377215.290974,264,anchor_data,20.669,True,0,metrics
1776377215.3112102,264,anchor_data,20.153,True,0,tl_state
1776377215.3559363,265,anchor_data,23.69,True,0,metrics
1776377215.3804739,265,anchor_data,24.442,True,0,tl_state
1776377215.3997874,265,anchor_batch,19.232,True,39,vehicles
1776377215.443564,266,anchor_data,19.765,True,0,metrics
1776377215.4633343,266,anchor_data,19.671,True,0,tl_state
1776377215.504688,267,anchor_data,21.878,True,0,metrics
1776377215.5263271,267,anchor_data,21.546,True,0,tl_state
1776377215.5777485,268,anchor_data,32.349,True,0,metrics
1776377215.6046393,268,anchor_data,26.798,True,0,tl_state
1776377215.6557999,269,anchor_data,27.972,True,0,metrics
1776377215.6826391,269,anchor_data,26.748,True,0,tl_state
1776377215.7287016,270,anchor_data,20.283,True,0,metrics
1776377215.748689,270,anchor_data,19.909,True,0,tl_state
1776377215.7695456,270,anchor_batch,20.772,True,40,vehicles
1776377215.8160303,271,anchor_data,21.988,True,0,metrics
1776377215.8361473,271,anchor_data,20.034,True,0,tl_state
1776377215.883312,272,anchor_data,24.969,True,0,metrics
1776377215.9055018,272,anchor_data,22.097,True,0,tl_state
1776377215.9618578,273,anchor_data,24.17,True,0,metrics
1776377215.986957,273,anchor_data,24.998,True,0,tl_state
1776377216.0452986,274,anchor_data,31.422,True,0,metrics
1776377216.0700536,274,anchor_data,24.636,True,0,tl_state
1776377216.1161354,275,anchor_data,21.575,True,0,metrics
1776377216.1410453,275,anchor_data,24.799,True,0,tl_state
1776377216.1663163,275,anchor_batch,25.185,True,41,vehicles
1776377216.2230012,276,anchor_data,24.578,True,0,metrics
1776377216.2468288,276,anchor_data,23.721,True,0,tl_state
1776377216.3116405,277,anchor_data,29.986,True,0,metrics
1776377216.338342,277,anchor_data,26.591,True,0,tl_state
1776377216.391363,278,anchor_data,25.318,True,0,metrics
1776377216.414054,278,anchor_data,22.602,True,0,tl_state
1776377216.4646826,279,anchor_data,22.842,True,0,metrics
1776377216.489296,279,anchor_data,24.522,True,0,tl_state
1776377216.531708,280,anchor_data,19.797,True,0,metrics
1776377216.5534294,280,anchor_data,21.633,True,0,tl_state
1776377216.578672,280,anchor_batch,25.134,True,44,vehicles
1776377216.6292267,281,anchor_data,19.018,True,0,metrics
1776377216.6482792,281,anchor_data,18.97,True,0,tl_state
1776377216.6912143,282,anchor_data,19.745,True,0,metrics
1776377216.7103505,282,anchor_data,19.051,True,0,tl_state
1776377216.7524586,283,anchor_data,19.195,True,0,metrics
1776377216.7723439,283,anchor_data,19.77,True,0,tl_state
1776377216.8149886,284,anchor_data,20.475,True,0,metrics
1776377216.8349342,284,anchor_data,19.872,True,0,tl_state
1776377216.885779,285,anchor_data,19.258,True,0,metrics
1776377216.9059296,285,anchor_data,19.982,True,0,tl_state
1776377216.9257605,285,anchor_batch,19.75,True,47,vehicles
1776377216.9720418,286,anchor_data,18.764,True,0,metrics
1776377216.9905617,286,anchor_data,18.442,True,0,tl_state
1776377217.0364182,287,anchor_data,19.952,True,0,metrics
1776377217.0554748,287,anchor_data,18.92,True,0,tl_state
1776377217.1010568,288,anchor_data,19.148,True,0,metrics
1776377217.1206849,288,anchor_data,19.506,True,0,tl_state
1776377217.1671295,289,anchor_data,20.431,True,0,metrics
1776377217.185864,289,anchor_data,18.602,True,0,tl_state
1776377217.243392,290,anchor_data,29.635,True,0,metrics
1776377217.2652454,290,anchor_data,21.761,True,0,tl_state
1776377217.2832792,290,anchor_batch,17.955,True,48,vehicles
1776377217.3332896,291,anchor_data,22.461,True,0,metrics
1776377217.3536127,291,anchor_data,20.148,True,0,tl_state
1776377217.4017575,292,anchor_data,21.958,True,0,metrics
1776377217.421858,292,anchor_data,19.995,True,0,tl_state
1776377217.4709976,293,anchor_data,19.154,True,0,metrics
1776377217.4910429,293,anchor_data,19.969,True,0,tl_state
1776377217.5411851,294,anchor_data,21.166,True,0,metrics
1776377217.562784,294,anchor_data,21.479,True,0,tl_state
1776377217.6158047,295,anchor_data,23.054,True,0,metrics
1776377217.637878,295,anchor_data,21.995,True,0,tl_state
1776377217.6571655,295,anchor_batch,19.192,True,49,vehicles
1776377217.7043266,296,anchor_data,18.892,True,0,metrics
1776377217.7249162,296,anchor_data,20.5,True,0,tl_state
1776377217.7669885,297,anchor_data,19.991,True,0,metrics
1776377217.7883334,297,anchor_data,21.22,True,0,tl_state
1776377217.8325937,298,anchor_data,20.262,True,0,metrics
1776377217.8506532,298,anchor_data,17.99,True,0,tl_state
1776377217.8974662,299,anchor_data,19.803,True,0,metrics
1776377217.9179397,299,anchor_data,20.379,True,0,tl_state
1776377217.9628675,300,anchor_data,20.365,True,0,metrics
1776377217.981326,300,anchor_data,18.356,True,0,tl_state
1776377218.0049722,300,anchor_batch,23.522,True,49,vehicles
1776377218.059041,301,anchor_data,21.474,True,0,metrics
1776377218.0806952,301,anchor_data,21.576,True,0,tl_state
1776377218.1235516,302,anchor_data,19.508,True,0,metrics
1776377218.143902,302,anchor_data,20.254,True,0,tl_state
1776377218.1912978,303,anchor_data,18.766,True,0,metrics
1776377218.2102413,303,anchor_data,18.866,True,0,tl_state
1776377218.2544622,304,anchor_data,19.302,True,0,metrics
1776377218.2741852,304,anchor_data,19.634,True,0,tl_state
1776377218.315381,305,anchor_data,17.762,True,0,metrics
1776377218.333722,305,anchor_data,18.263,True,0,tl_state
1776377218.3510225,305,anchor_batch,17.221,True,50,vehicles
1776377218.4024773,306,anchor_data,22.048,True,0,metrics
1776377218.4251463,306,anchor_data,22.578,True,0,tl_state
1776377218.4808989,307,anchor_data,24.94,True,0,metrics
1776377218.5051575,307,anchor_data,24.171,True,0,tl_state
1776377218.5623195,308,anchor_data,24.817,True,0,metrics
1776377218.5909233,308,anchor_data,28.453,True,0,tl_state
1776377218.6462994,309,anchor_data,22.82,True,0,metrics
1776377218.671183,309,anchor_data,24.795,True,0,tl_state
1776377218.7246275,310,anchor_data,25.901,True,0,metrics
1776377218.745077,310,anchor_data,20.268,True,0,tl_state
1776377218.7680128,310,anchor_batch,22.812,True,50,vehicles
1776377218.830062,311,anchor_data,26.349,True,0,metrics
1776377218.8579304,311,anchor_data,27.769,True,0,tl_state
1776377218.9060965,312,anchor_data,23.035,True,0,metrics
1776377218.926135,312,anchor_data,19.942,True,0,tl_state
1776377218.9710386,313,anchor_data,21.345,True,0,metrics
1776377218.9922397,313,anchor_data,21.079,True,0,tl_state
1776377219.0519242,314,anchor_data,32.153,True,0,metrics
1776377219.0853333,314,anchor_data,33.008,True,0,tl_state
1776377219.1484883,315,anchor_data,27.776,True,0,metrics
1776377219.1797366,315,anchor_data,31.141,True,0,tl_state
1776377219.2131138,315,anchor_batch,33.222,True,53,vehicles
1776377219.281722,316,anchor_data,33.659,True,0,metrics
1776377219.3138766,316,anchor_data,32.035,True,0,tl_state
1776377219.37825,317,anchor_data,30.768,True,0,metrics
1776377219.4062026,317,anchor_data,27.847,True,0,tl_state
1776377219.4829879,318,anchor_data,43.515,True,0,metrics
1776377219.5097141,318,anchor_data,26.564,True,0,tl_state
1776377219.5688896,319,anchor_data,22.759,True,0,metrics
1776377219.5907857,319,anchor_data,21.646,True,0,tl_state
1776377219.6375258,320,anchor_data,22.747,True,0,metrics
1776377219.6577635,320,anchor_data,20.147,True,0,tl_state
1776377219.676026,320,anchor_batch,18.177,True,54,vehicles
1776377219.7246895,321,anchor_data,21.463,True,0,metrics
1776377219.743678,321,anchor_data,18.836,True,0,tl_state
1776377219.7900786,322,anchor_data,20.926,True,0,metrics
1776377219.8109715,322,anchor_data,20.789,True,0,tl_state
1776377219.8601928,323,anchor_data,22.115,True,0,metrics
1776377219.883535,323,anchor_data,23.251,True,0,tl_state
1776377219.9317758,324,anchor_data,22.009,True,0,metrics
1776377219.950449,324,anchor_data,18.57,True,0,tl_state
1776377220.03084,325,anchor_data,51.938,True,0,metrics
1776377220.057205,325,anchor_data,26.265,True,0,tl_state
1776377220.0756817,325,anchor_batch,18.339,True,55,vehicles
1776377220.1496935,326,anchor_data,39.886,True,0,metrics
1776377220.169605,326,anchor_data,19.834,True,0,tl_state
1776377220.2275987,327,anchor_data,23.957,True,0,metrics
1776377220.2540343,327,anchor_data,26.352,True,0,tl_state
1776377220.3080866,328,anchor_data,24.602,True,0,metrics
1776377220.3272018,328,anchor_data,19.033,True,0,tl_state
1776377220.3793564,329,anchor_data,22.689,True,0,metrics
1776377220.3982723,329,anchor_data,18.832,True,0,tl_state
1776377220.4598775,330,anchor_data,29.265,True,0,metrics
1776377220.4827003,330,anchor_data,22.718,True,0,tl_state
1776377220.5062091,330,anchor_batch,23.43,True,55,vehicles
1776377220.5852783,331,anchor_data,40.363,True,0,metrics
1776377220.606009,331,anchor_data,20.626,True,0,tl_state
1776377220.6724703,332,anchor_data,22.902,True,0,metrics
1776377220.6930108,332,anchor_data,20.462,True,0,tl_state
1776377220.7431014,333,anchor_data,22.451,True,0,metrics
1776377220.767748,333,anchor_data,24.562,True,0,tl_state
1776377220.8228774,334,anchor_data,21.457,True,0,metrics
1776377220.843376,334,anchor_data,20.379,True,0,tl_state
1776377220.894935,335,anchor_data,21.662,True,0,metrics
1776377220.9156795,335,anchor_data,20.666,True,0,tl_state
1776377220.9377348,335,anchor_batch,21.953,True,56,vehicles
1776377220.9872072,336,anchor_data,21.117,True,0,metrics
1776377221.0072598,336,anchor_data,19.963,True,0,tl_state
1776377221.0593855,337,anchor_data,22.451,True,0,metrics
1776377221.0799437,337,anchor_data,20.479,True,0,tl_state
1776377221.1252468,338,anchor_data,19.02,True,0,metrics
1776377221.1432106,338,anchor_data,17.881,True,0,tl_state
1776377221.1881375,339,anchor_data,19.499,True,0,metrics
1776377221.2082975,339,anchor_data,20.062,True,0,tl_state
1776377221.2553263,340,anchor_data,23.607,True,0,metrics
1776377221.2745125,340,anchor_data,19.094,True,0,tl_state
1776377221.2930446,340,anchor_batch,18.442,True,53,vehicles
1776377221.3420088,341,anchor_data,19.76,True,0,metrics
1776377221.3624358,341,anchor_data,20.308,True,0,tl_state
1776377221.442295,342,anchor_data,51.205,True,0,metrics
1776377221.4683163,342,anchor_data,25.925,True,0,tl_state
1776377221.516996,343,anchor_data,20.308,True,0,metrics
1776377221.5368564,343,anchor_data,19.745,True,0,tl_state
1776377221.5798984,344,anchor_data,19.924,True,0,metrics
1776377221.5983074,344,anchor_data,18.325,True,0,tl_state
1776377221.6408393,345,anchor_data,19.056,True,0,metrics
1776377221.6600718,345,anchor_data,19.152,True,0,tl_state
1776377221.6763961,345,anchor_batch,16.253,True,52,vehicles
1776377221.723904,346,anchor_data,20.604,True,0,metrics
1776377221.7435727,346,anchor_data,19.505,True,0,tl_state
1776377221.7869995,347,anchor_data,22.306,True,0,metrics
1776377221.8060782,347,anchor_data,18.986,True,0,tl_state
1776377221.8482754,348,anchor_data,21.268,True,0,metrics
1776377221.8692546,348,anchor_data,20.88,True,0,tl_state
1776377221.9117305,349,anchor_data,20.713,True,0,metrics
1776377221.9305,349,anchor_data,18.688,True,0,tl_state
1776377221.9711766,350,anchor_data,18.847,True,0,metrics
1776377221.9892154,350,anchor_data,17.953,True,0,tl_state
1776377222.0044851,350,anchor_batch,15.19,True,48,vehicles
1776377222.055512,351,anchor_data,24.516,True,0,metrics
1776377222.0747046,351,anchor_data,18.932,True,0,tl_state
1776377222.1185932,352,anchor_data,21.904,True,0,metrics
1776377222.1372645,352,anchor_data,18.567,True,0,tl_state
1776377222.1762416,353,anchor_data,17.9,True,0,metrics
1776377222.196669,353,anchor_data,20.325,True,0,tl_state
1776377222.2429507,354,anchor_data,21.59,True,0,metrics
1776377222.2637212,354,anchor_data,20.688,True,0,tl_state
1776377222.3033595,355,anchor_data,18.296,True,0,metrics
1776377222.3210857,355,anchor_data,17.64,True,0,tl_state
1776377222.338207,355,anchor_batch,17.047,True,44,vehicles
1776377222.3820372,356,anchor_data,20.958,True,0,metrics
1776377222.4003477,356,anchor_data,18.221,True,0,tl_state
1776377222.4441571,357,anchor_data,20.786,True,0,metrics
1776377222.4634593,357,anchor_data,19.218,True,0,tl_state
1776377222.5109656,358,anchor_data,22.419,True,0,metrics
1776377222.5307422,358,anchor_data,19.68,True,0,tl_state
1776377222.5738413,359,anchor_data,20.486,True,0,metrics
1776377222.5931034,359,anchor_data,19.177,True,0,tl_state
1776377222.6333618,360,anchor_data,20.319,True,0,metrics
1776377222.6536493,360,anchor_data,19.923,True,0,tl_state
1776377222.6715837,360,anchor_batch,17.851,True,45,vehicles
1776377222.7168467,361,anchor_data,20.154,True,0,metrics
1776377222.7340271,361,anchor_data,17.099,True,0,tl_state
1776377222.7762568,362,anchor_data,20.201,True,0,metrics
1776377222.7986448,362,anchor_data,22.289,True,0,tl_state
1776377222.8463228,363,anchor_data,20.665,True,0,metrics
1776377222.8705397,363,anchor_data,24.066,True,0,tl_state
1776377222.913558,364,anchor_data,20.763,True,0,metrics
1776377222.9330125,364,anchor_data,19.309,True,0,tl_state
1776377222.9772403,365,anchor_data,20.26,True,0,metrics
1776377222.997443,365,anchor_data,20.108,True,0,tl_state
1776377223.0148854,365,anchor_batch,17.37,True,47,vehicles
1776377223.0613112,366,anchor_data,20.608,True,0,metrics
1776377223.080948,366,anchor_data,19.549,True,0,tl_state
1776377223.1235545,367,anchor_data,20.971,True,0,metrics
1776377223.1417952,367,anchor_data,18.158,True,0,tl_state
1776377223.1852307,368,anchor_data,20.589,True,0,metrics
1776377223.2054489,368,anchor_data,20.124,True,0,tl_state
1776377223.2464237,369,anchor_data,19.357,True,0,metrics
1776377223.2689428,369,anchor_data,22.428,True,0,tl_state
1776377223.3296182,370,anchor_data,38.958,True,0,metrics
1776377223.3572903,370,anchor_data,27.576,True,0,tl_state
1776377223.3770502,370,anchor_batch,19.653,True,44,vehicles
1776377223.4245293,371,anchor_data,21.502,True,0,metrics
1776377223.442837,371,anchor_data,18.207,True,0,tl_state
1776377223.4826286,372,anchor_data,20.127,True,0,metrics
1776377223.5040128,372,anchor_data,21.293,True,0,tl_state
1776377223.5432024,373,anchor_data,19.426,True,0,metrics
1776377223.5619376,373,anchor_data,18.65,True,0,tl_state
1776377223.6011906,374,anchor_data,20.017,True,0,metrics
1776377223.623104,374,anchor_data,21.754,True,0,tl_state
1776377223.6672773,375,anchor_data,20.897,True,0,metrics
1776377223.6902313,375,anchor_data,22.219,True,0,tl_state
1776377223.707438,375,anchor_batch,17.125,True,44,vehicles
1776377223.7548294,376,anchor_data,23.86,True,0,metrics
1776377223.7744758,376,anchor_data,19.554,True,0,tl_state
1776377223.8163426,377,anchor_data,21.182,True,0,metrics
1776377223.836445,377,anchor_data,20.013,True,0,tl_state
1776377223.8745358,378,anchor_data,18.493,True,0,metrics
1776377223.8932192,378,anchor_data,18.574,True,0,tl_state
1776377223.936028,379,anchor_data,21.049,True,0,metrics
1776377223.9536414,379,anchor_data,17.513,True,0,tl_state
1776377223.9957,380,anchor_data,20.908,True,0,metrics
1776377224.0159037,380,anchor_data,20.108,True,0,tl_state
1776377224.033266,380,anchor_batch,17.268,True,46,vehicles
1776377224.077362,381,anchor_data,19.204,True,0,metrics
1776377224.0959637,381,anchor_data,18.506,True,0,tl_state
1776377224.136842,382,anchor_data,21.407,True,0,metrics
1776377224.155518,382,anchor_data,18.581,True,0,tl_state
1776377224.198129,383,anchor_data,21.518,True,0,metrics
1776377224.217555,383,anchor_data,19.312,True,0,tl_state
1776377224.2578652,384,anchor_data,19.3,True,0,metrics
1776377224.2776842,384,anchor_data,19.733,True,0,tl_state
1776377224.3205912,385,anchor_data,18.508,True,0,metrics
1776377224.3392184,385,anchor_data,18.532,True,0,tl_state
1776377224.355085,385,anchor_batch,15.785,True,46,vehicles
1776377224.399018,386,anchor_data,20.165,True,0,metrics
1776377224.4177387,386,anchor_data,18.628,True,0,tl_state
1776377224.458998,387,anchor_data,18.644,True,0,metrics
1776377224.477673,387,anchor_data,18.595,True,0,tl_state
1776377224.5186925,388,anchor_data,20.115,True,0,metrics
1776377224.5384543,388,anchor_data,19.666,True,0,tl_state
1776377224.5846226,389,anchor_data,21.658,True,0,metrics
1776377224.6042078,389,anchor_data,19.487,True,0,tl_state
1776377224.6474955,390,anchor_data,20.666,True,0,metrics
1776377224.6672256,390,anchor_data,19.649,True,0,tl_state
1776377224.6843393,390,anchor_batch,17.03,True,47,vehicles
1776377224.7312043,391,anchor_data,19.2,True,0,metrics
1776377224.7537577,391,anchor_data,22.466,True,0,tl_state
1776377224.799373,392,anchor_data,20.805,True,0,metrics
1776377224.8168578,392,anchor_data,17.373,True,0,tl_state
1776377224.858283,393,anchor_data,20.15,True,0,metrics
1776377224.8782485,393,anchor_data,19.879,True,0,tl_state
1776377224.9217072,394,anchor_data,20.781,True,0,metrics
1776377224.9410186,394,anchor_data,19.226,True,0,tl_state
1776377224.9830837,395,anchor_data,20.718,True,0,metrics
1776377225.0010438,395,anchor_data,17.799,True,0,tl_state
1776377225.0190814,395,anchor_batch,17.9,True,48,vehicles
1776377225.0630784,396,anchor_data,20.102,True,0,metrics
1776377225.0835066,396,anchor_data,20.349,True,0,tl_state
1776377225.1254199,397,anchor_data,18.916,True,0,metrics
1776377225.1444418,397,anchor_data,18.934,True,0,tl_state
1776377225.1837373,398,anchor_data,19.376,True,0,metrics
1776377225.2029943,398,anchor_data,19.16,True,0,tl_state
1776377225.2422416,399,anchor_data,19.166,True,0,metrics
1776377225.2632265,399,anchor_data,20.891,True,0,tl_state
1776377225.3069637,400,anchor_data,23.242,True,0,metrics
1776377225.3256428,400,anchor_data,18.598,True,0,tl_state
1776377225.35814,400,anchor_batch,32.424,True,46,vehicles
1776377225.4195573,401,anchor_data,23.175,True,0,metrics
1776377225.4425147,401,anchor_data,22.859,True,0,tl_state
1776377225.485211,402,anchor_data,19.944,True,0,metrics
1776377225.5068655,402,anchor_data,20.285,True,0,tl_state
1776377225.548455,403,anchor_data,19.905,True,0,metrics
1776377225.5741704,403,anchor_data,25.605,True,0,tl_state
1776377225.6164665,404,anchor_data,20.508,True,0,metrics
1776377225.636538,404,anchor_data,19.99,True,0,tl_state
1776377225.6850822,405,anchor_data,22.005,True,0,metrics
1776377225.704127,405,anchor_data,18.889,True,0,tl_state
1776377225.7221334,405,anchor_batch,17.924,True,47,vehicles
1776377225.767438,406,anchor_data,20.934,True,0,metrics
1776377225.7872362,406,anchor_data,19.7,True,0,tl_state
1776377225.8268971,407,anchor_data,18.857,True,0,metrics
1776377225.847029,407,anchor_data,20.056,True,0,tl_state
1776377225.8962972,408,anchor_data,22.743,True,0,metrics
1776377225.920024,408,anchor_data,23.639,True,0,tl_state
1776377225.9646895,409,anchor_data,21.161,True,0,metrics
1776377225.983148,409,anchor_data,18.341,True,0,tl_state
1776377226.0227766,410,anchor_data,18.901,True,0,metrics
1776377226.0425956,410,anchor_data,19.738,True,0,tl_state
1776377226.0590923,410,anchor_batch,16.423,True,45,vehicles
1776377226.1095839,411,anchor_data,22.657,True,0,metrics
1776377226.1327631,411,anchor_data,23.08,True,0,tl_state
1776377226.1734858,412,anchor_data,18.415,True,0,metrics
1776377226.1934311,412,anchor_data,19.841,True,0,tl_state
1776377226.2356696,413,anchor_data,21.102,True,0,metrics
1776377226.2545087,413,anchor_data,18.73,True,0,tl_state
1776377226.2960978,414,anchor_data,19.514,True,0,metrics
1776377226.314585,414,anchor_data,18.397,True,0,tl_state
1776377226.3556068,415,anchor_data,18.566,True,0,metrics
1776377226.3741639,415,anchor_data,18.471,True,0,tl_state
1776377226.390865,415,anchor_batch,16.549,True,47,vehicles
1776377226.43705,416,anchor_data,21.0,True,0,metrics
1776377226.4553602,416,anchor_data,18.208,True,0,tl_state
1776377226.4998312,417,anchor_data,22.402,True,0,metrics
1776377226.519411,417,anchor_data,19.49,True,0,tl_state
1776377226.5588498,418,anchor_data,18.716,True,0,metrics
1776377226.5789616,418,anchor_data,20.03,True,0,tl_state
1776377226.6236436,419,anchor_data,20.755,True,0,metrics
1776377226.6428628,419,anchor_data,19.136,True,0,tl_state
1776377226.6874495,420,anchor_data,19.925,True,0,metrics
1776377226.7074575,420,anchor_data,19.923,True,0,tl_state
1776377226.7247086,420,anchor_batch,17.166,True,47,vehicles
1776377226.7734125,421,anchor_data,21.747,True,0,metrics
1776377226.7933161,421,anchor_data,19.818,True,0,tl_state
1776377226.8402913,422,anchor_data,22.59,True,0,metrics
1776377226.8595788,422,anchor_data,19.164,True,0,tl_state
1776377226.9039817,423,anchor_data,20.329,True,0,metrics
1776377226.9230318,423,anchor_data,18.898,True,0,tl_state
1776377226.9688385,424,anchor_data,22.098,True,0,metrics
1776377226.9885921,424,anchor_data,19.652,True,0,tl_state
1776377227.0326195,425,anchor_data,20.802,True,0,metrics
1776377227.0541975,425,anchor_data,21.486,True,0,tl_state
1776377227.074809,425,anchor_batch,20.521,True,48,vehicles
1776377227.123685,426,anchor_data,23.1,True,0,metrics
1776377227.1461809,426,anchor_data,22.349,True,0,tl_state
1776377227.1997032,427,anchor_data,23.318,True,0,metrics
1776377227.222356,427,anchor_data,22.542,True,0,tl_state
1776377227.2682629,428,anchor_data,21.131,True,0,metrics
1776377227.2875698,428,anchor_data,19.214,True,0,tl_state
1776377227.3347068,429,anchor_data,21.176,True,0,metrics
1776377227.3551009,429,anchor_data,20.275,True,0,tl_state
1776377227.4067986,430,anchor_data,23.326,True,0,metrics
1776377227.4263265,430,anchor_data,19.439,True,0,tl_state
1776377227.4580214,430,anchor_batch,31.599,True,49,vehicles
1776377227.5151227,431,anchor_data,23.909,True,0,metrics
1776377227.5363383,431,anchor_data,21.133,True,0,tl_state
1776377227.585021,432,anchor_data,23.154,True,0,metrics
1776377227.6050205,432,anchor_data,19.907,True,0,tl_state
1776377227.6529055,433,anchor_data,20.454,True,0,metrics
1776377227.6733387,433,anchor_data,20.335,True,0,tl_state
1776377227.7201977,434,anchor_data,20.416,True,0,metrics
1776377227.739055,434,anchor_data,18.756,True,0,tl_state
1776377227.7846272,435,anchor_data,21.107,True,0,metrics
1776377227.8044393,435,anchor_data,19.712,True,0,tl_state
1776377227.8239748,435,anchor_batch,19.378,True,52,vehicles
1776377227.8724868,436,anchor_data,20.521,True,0,metrics
1776377227.8916233,436,anchor_data,19.047,True,0,tl_state
1776377227.9396496,437,anchor_data,21.012,True,0,metrics
1776377227.9608612,437,anchor_data,21.119,True,0,tl_state
1776377228.004519,438,anchor_data,21.447,True,0,metrics
1776377228.0249765,438,anchor_data,20.372,True,0,tl_state
1776377228.066362,439,anchor_data,19.381,True,0,metrics
1776377228.084964,439,anchor_data,18.498,True,0,tl_state
1776377228.13259,440,anchor_data,20.684,True,0,metrics
1776377228.1534483,440,anchor_data,20.767,True,0,tl_state
1776377228.174155,440,anchor_batch,20.623,True,50,vehicles
1776377228.2279768,441,anchor_data,22.653,True,0,metrics
1776377228.247147,441,anchor_data,19.071,True,0,tl_state
1776377228.292635,442,anchor_data,20.915,True,0,metrics
1776377228.3117518,442,anchor_data,19.034,True,0,tl_state
1776377228.356912,443,anchor_data,21.406,True,0,metrics
1776377228.3770592,443,anchor_data,20.033,True,0,tl_state
1776377228.4240828,444,anchor_data,20.451,True,0,metrics
1776377228.445865,444,anchor_data,21.675,True,0,tl_state
1776377228.4921753,445,anchor_data,20.775,True,0,metrics
1776377228.5119634,445,anchor_data,19.639,True,0,tl_state
1776377228.5298173,445,anchor_batch,17.778,True,48,vehicles
1776377228.579987,446,anchor_data,23.769,True,0,metrics
1776377228.601779,446,anchor_data,21.687,True,0,tl_state
1776377228.6442904,447,anchor_data,19.689,True,0,metrics
1776377228.6660836,447,anchor_data,21.7,True,0,tl_state
1776377228.7093508,448,anchor_data,20.74,True,0,metrics
1776377228.7286491,448,anchor_data,19.208,True,0,tl_state
1776377228.7702436,449,anchor_data,18.34,True,0,metrics
1776377228.7910278,449,anchor_data,20.687,True,0,tl_state
1776377228.8328905,450,anchor_data,20.792,True,0,metrics
1776377228.8506873,450,anchor_data,17.653,True,0,tl_state
1776377228.866036,450,anchor_batch,15.261,True,47,vehicles
1776377228.9174926,451,anchor_data,22.077,True,0,metrics
1776377228.9375193,451,anchor_data,19.828,True,0,tl_state
1776377228.9809268,452,anchor_data,20.884,True,0,metrics
1776377229.000881,452,anchor_data,19.863,True,0,tl_state
1776377229.0432024,453,anchor_data,18.594,True,0,metrics
1776377229.0618603,453,anchor_data,18.576,True,0,tl_state
1776377229.1054559,454,anchor_data,20.17,True,0,metrics
1776377229.1264474,454,anchor_data,20.81,True,0,tl_state
1776377229.1669555,455,anchor_data,19.522,True,0,metrics
1776377229.1863203,455,anchor_data,19.225,True,0,tl_state
1776377229.203465,455,anchor_batch,17.048,True,45,vehicles
1776377229.2471323,456,anchor_data,20.119,True,0,metrics
1776377229.2661295,456,anchor_data,18.903,True,0,tl_state
1776377229.3092299,457,anchor_data,20.023,True,0,metrics
1776377229.3275616,457,anchor_data,18.236,True,0,tl_state
1776377229.3681924,458,anchor_data,20.477,True,0,metrics
1776377229.3881283,458,anchor_data,19.835,True,0,tl_state
1776377229.463436,459,anchor_data,51.71,True,0,metrics
1776377229.485757,459,anchor_data,22.227,True,0,tl_state
1776377229.5305696,460,anchor_data,19.44,True,0,metrics
1776377229.5497756,460,anchor_data,19.116,True,0,tl_state
1776377229.5657625,460,anchor_batch,15.904,True,44,vehicles
1776377229.6105,461,anchor_data,20.238,True,0,metrics
1776377229.6321514,461,anchor_data,21.575,True,0,tl_state
1776377229.6724412,462,anchor_data,18.308,True,0,metrics
1776377229.6919718,462,anchor_data,19.451,True,0,tl_state
1776377229.7320714,463,anchor_data,19.963,True,0,metrics
1776377229.7532747,463,anchor_data,21.122,True,0,tl_state
1776377229.7959144,464,anchor_data,20.349,True,0,metrics
1776377229.8139942,464,anchor_data,17.974,True,0,tl_state
1776377229.8564594,465,anchor_data,19.841,True,0,metrics
1776377229.876237,465,anchor_data,19.656,True,0,tl_state
1776377229.8945441,465,anchor_batch,18.221,True,45,vehicles
1776377229.9435515,466,anchor_data,21.553,True,0,metrics
1776377229.963064,466,anchor_data,19.421,True,0,tl_state
1776377230.00631,467,anchor_data,18.754,True,0,metrics
1776377230.0266657,467,anchor_data,20.268,True,0,tl_state
1776377230.072623,468,anchor_data,23.153,True,0,metrics
1776377230.0904984,468,anchor_data,17.789,True,0,tl_state
1776377230.1323025,469,anchor_data,20.611,True,0,metrics
1776377230.151166,469,anchor_data,18.778,True,0,tl_state
1776377230.193593,470,anchor_data,20.366,True,0,metrics
1776377230.2140987,470,anchor_data,20.423,True,0,tl_state
1776377230.234257,470,anchor_batch,19.971,True,45,vehicles
1776377230.286852,471,anchor_data,22.938,True,0,metrics
1776377230.3049898,471,anchor_data,18.047,True,0,tl_state
1776377230.3442779,472,anchor_data,18.257,True,0,metrics
1776377230.3637185,472,anchor_data,19.318,True,0,tl_state
1776377230.4106445,473,anchor_data,21.295,True,0,metrics
1776377230.4322467,473,anchor_data,21.522,True,0,tl_state
1776377230.4706898,474,anchor_data,17.315,True,0,metrics
1776377230.4892902,474,anchor_data,18.517,True,0,tl_state
1776377230.5296116,475,anchor_data,20.666,True,0,metrics
1776377230.5487049,475,anchor_data,19.002,True,0,tl_state
1776377230.5650082,475,anchor_batch,16.23,True,46,vehicles
1776377230.6093433,476,anchor_data,18.484,True,0,metrics
1776377230.628683,476,anchor_data,19.257,True,0,tl_state
1776377230.6723392,477,anchor_data,20.449,True,0,metrics
1776377230.6956632,477,anchor_data,23.228,True,0,tl_state
1776377230.739681,478,anchor_data,20.89,True,0,metrics
1776377230.7610838,478,anchor_data,21.319,True,0,tl_state
1776377230.8190126,479,anchor_data,30.644,True,0,metrics
1776377230.837034,479,anchor_data,17.934,True,0,tl_state
1776377230.8825693,480,anchor_data,22.697,True,0,metrics
1776377230.9072545,480,anchor_data,24.567,True,0,tl_state
1776377230.9276686,480,anchor_batch,20.318,True,47,vehicles
1776377230.9813774,481,anchor_data,23.383,True,0,metrics
1776377231.0098045,481,anchor_data,28.334,True,0,tl_state
1776377231.0546637,482,anchor_data,20.882,True,0,metrics
1776377231.0747783,482,anchor_data,19.904,True,0,tl_state
1776377231.122783,483,anchor_data,19.942,True,0,metrics
1776377231.1433263,483,anchor_data,20.437,True,0,tl_state
1776377231.187269,484,anchor_data,21.297,True,0,metrics
1776377231.2074294,484,anchor_data,20.07,True,0,tl_state
1776377231.253626,485,anchor_data,23.23,True,0,metrics
1776377231.2727962,485,anchor_data,19.07,True,0,tl_state
1776377231.2908201,485,anchor_batch,17.924,True,47,vehicles
1776377231.3592541,486,anchor_data,30.738,True,0,metrics
1776377231.3785539,486,anchor_data,19.163,True,0,tl_state
1776377231.4258363,487,anchor_data,21.697,True,0,metrics
1776377231.4458714,487,anchor_data,19.9,True,0,tl_state
1776377231.4896133,488,anchor_data,20.298,True,0,metrics
1776377231.5105872,488,anchor_data,20.889,True,0,tl_state
1776377231.558369,489,anchor_data,21.826,True,0,metrics
1776377231.5778327,489,anchor_data,19.342,True,0,tl_state
1776377231.6238256,490,anchor_data,22.385,True,0,metrics
1776377231.6435485,490,anchor_data,19.571,True,0,tl_state
1776377231.6621733,490,anchor_batch,18.542,True,47,vehicles
1776377231.7135062,491,anchor_data,22.293,True,0,metrics
1776377231.7328758,491,anchor_data,19.28,True,0,tl_state
1776377231.7793872,492,anchor_data,20.199,True,0,metrics
1776377231.801618,492,anchor_data,22.11,True,0,tl_state
1776377231.8454113,493,anchor_data,19.181,True,0,metrics
1776377231.8648195,493,anchor_data,19.273,True,0,tl_state
1776377231.9093444,494,anchor_data,19.489,True,0,metrics
1776377231.9300325,494,anchor_data,20.603,True,0,tl_state
1776377231.9763827,495,anchor_data,19.898,True,0,metrics
1776377231.9960244,495,anchor_data,19.549,True,0,tl_state
1776377232.0168028,495,anchor_batch,20.652,True,48,vehicles
1776377232.062282,496,anchor_data,20.067,True,0,metrics
1776377232.0825922,496,anchor_data,20.222,True,0,tl_state
1776377232.1272616,497,anchor_data,20.68,True,0,metrics
1776377232.1470022,497,anchor_data,19.651,True,0,tl_state
1776377232.1904082,498,anchor_data,18.838,True,0,metrics
1776377232.2098296,498,anchor_data,19.34,True,0,tl_state
1776377232.2522979,499,anchor_data,19.643,True,0,metrics
1776377232.2722988,499,anchor_data,19.908,True,0,tl_state
1776377232.318713,500,anchor_data,22.528,True,0,metrics
1776377232.3380284,500,anchor_data,19.161,True,0,tl_state
1776377232.3544357,500,anchor_batch,16.311,True,49,vehicles
1776377232.4068396,501,anchor_data,23.993,True,0,metrics
1776377232.425209,501,anchor_data,18.274,True,0,tl_state
1776377232.468078,502,anchor_data,21.305,True,0,metrics
1776377232.4844358,502,anchor_data,16.255,True,0,tl_state
1776377232.5297923,503,anchor_data,19.979,True,0,metrics
1776377232.5484827,503,anchor_data,18.582,True,0,tl_state
1776377232.5932462,504,anchor_data,20.403,True,0,metrics
1776377232.61306,504,anchor_data,19.733,True,0,tl_state
1776377232.659757,505,anchor_data,19.662,True,0,metrics
1776377232.6802447,505,anchor_data,20.401,True,0,tl_state
1776377232.6966763,505,anchor_batch,16.266,True,51,vehicles
1776377232.743808,506,anchor_data,21.289,True,0,metrics
1776377232.7643025,506,anchor_data,20.388,True,0,tl_state
1776377232.8090472,507,anchor_data,18.994,True,0,metrics
1776377232.8295274,507,anchor_data,20.405,True,0,tl_state
1776377232.8738089,508,anchor_data,19.504,True,0,metrics
1776377232.8936787,508,anchor_data,19.78,True,0,tl_state
1776377232.9380171,509,anchor_data,19.406,True,0,metrics
1776377232.9584215,509,anchor_data,20.323,True,0,tl_state
1776377233.0096705,510,anchor_data,21.962,True,0,metrics
1776377233.0291152,510,anchor_data,19.361,True,0,tl_state
1776377233.0465598,510,anchor_batch,17.366,True,53,vehicles
1776377233.0964692,511,anchor_data,19.775,True,0,metrics
1776377233.1156096,511,anchor_data,19.06,True,0,tl_state
1776377233.1613936,512,anchor_data,19.331,True,0,metrics
1776377233.1826267,512,anchor_data,21.022,True,0,tl_state
1776377233.239236,513,anchor_data,27.27,True,0,metrics
1776377233.2607923,513,anchor_data,21.457,True,0,tl_state
1776377233.3081598,514,anchor_data,20.811,True,0,metrics
1776377233.3279464,514,anchor_data,19.672,True,0,tl_state
1776377233.3811533,515,anchor_data,28.651,True,0,metrics
1776377233.4096627,515,anchor_data,28.411,True,0,tl_state
1776377233.4304976,515,anchor_batch,20.738,True,55,vehicles
1776377233.4821177,516,anchor_data,20.231,True,0,metrics
1776377233.5014796,516,anchor_data,19.263,True,0,tl_state
1776377233.5458436,517,anchor_data,18.83,True,0,metrics
1776377233.5653315,517,anchor_data,19.351,True,0,tl_state
1776377233.6100962,518,anchor_data,19.791,True,0,metrics
1776377233.628961,518,anchor_data,18.786,True,0,tl_state
1776377233.6757493,519,anchor_data,19.389,True,0,metrics
1776377233.6975057,519,anchor_data,21.677,True,0,tl_state
1776377233.7446241,520,anchor_data,21.122,True,0,metrics
1776377233.7634482,520,anchor_data,18.744,True,0,tl_state
1776377233.781686,520,anchor_batch,18.135,True,55,vehicles
1776377233.8283265,521,anchor_data,19.451,True,0,metrics
1776377233.8472939,521,anchor_data,18.876,True,0,tl_state
1776377233.892863,522,anchor_data,19.16,True,0,metrics
1776377233.912895,522,anchor_data,19.949,True,0,tl_state
1776377233.959945,523,anchor_data,18.556,True,0,metrics
1776377233.9807143,523,anchor_data,20.683,True,0,tl_state
1776377234.0272477,524,anchor_data,19.01,True,0,metrics
1776377234.046593,524,anchor_data,19.256,True,0,tl_state
1776377234.0922813,525,anchor_data,21.649,True,0,metrics
1776377234.1120727,525,anchor_data,19.697,True,0,tl_state
1776377234.1307106,525,anchor_batch,18.565,True,51,vehicles
1776377234.1797264,526,anchor_data,21.29,True,0,metrics
1776377234.199897,526,anchor_data,20.052,True,0,tl_state
1776377234.2424755,527,anchor_data,18.247,True,0,metrics
1776377234.2616355,527,anchor_data,19.081,True,0,tl_state
1776377234.304754,528,anchor_data,19.162,True,0,metrics
1776377234.324726,528,anchor_data,19.881,True,0,tl_state
1776377234.3737388,529,anchor_data,20.673,True,0,metrics
1776377234.3920453,529,anchor_data,18.222,True,0,tl_state
1776377234.4381635,530,anchor_data,19.649,True,0,metrics
1776377234.458245,530,anchor_data,19.987,True,0,tl_state
1776377234.4781272,530,anchor_batch,19.773,True,52,vehicles
1776377234.5257373,531,anchor_data,20.367,True,0,metrics
1776377234.5447192,531,anchor_data,18.893,True,0,tl_state
1776377234.5902743,532,anchor_data,21.03,True,0,metrics
1776377234.6085203,532,anchor_data,18.156,True,0,tl_state
1776377234.6623144,533,anchor_data,29.709,True,0,metrics
1776377234.6798248,533,anchor_data,17.431,True,0,tl_state
1776377234.7239013,534,anchor_data,18.929,True,0,metrics
1776377234.7425025,534,anchor_data,18.52,True,0,tl_state
1776377234.786071,535,anchor_data,17.932,True,0,metrics
1776377234.804548,535,anchor_data,18.392,True,0,tl_state
1776377234.8229802,535,anchor_batch,18.342,True,51,vehicles
1776377234.8742669,536,anchor_data,19.33,True,0,metrics
1776377234.8943615,536,anchor_data,20.012,True,0,tl_state
1776377234.938855,537,anchor_data,19.483,True,0,metrics
1776377234.9575884,537,anchor_data,18.649,True,0,tl_state
1776377235.0004628,538,anchor_data,18.41,True,0,metrics
1776377235.019989,538,anchor_data,19.43,True,0,tl_state
1776377235.068451,539,anchor_data,21.761,True,0,metrics
1776377235.0887651,539,anchor_data,20.225,True,0,tl_state
1776377235.1324031,540,anchor_data,19.82,True,0,metrics
1776377235.1529226,540,anchor_data,20.435,True,0,tl_state
1776377235.1721451,540,anchor_batch,19.135,True,49,vehicles
1776377235.22298,541,anchor_data,19.917,True,0,metrics
1776377235.2422879,541,anchor_data,19.134,True,0,tl_state
1776377235.2874162,542,anchor_data,19.959,True,0,metrics
1776377235.306574,542,anchor_data,19.066,True,0,tl_state
1776377235.3540945,543,anchor_data,23.02,True,0,metrics
1776377235.3742983,543,anchor_data,20.111,True,0,tl_state
1776377235.4191298,544,anchor_data,19.39,True,0,metrics
1776377235.4370835,544,anchor_data,17.834,True,0,tl_state
1776377235.4823587,545,anchor_data,21.658,True,0,metrics
1776377235.5004387,545,anchor_data,17.989,True,0,tl_state
1776377235.5175917,545,anchor_batch,17.06,True,49,vehicles
1776377235.5625396,546,anchor_data,19.607,True,0,metrics
1776377235.5826063,546,anchor_data,19.979,True,0,tl_state
1776377235.642546,547,anchor_data,26.903,True,0,metrics
1776377235.6633687,547,anchor_data,20.701,True,0,tl_state
1776377235.7091346,548,anchor_data,20.253,True,0,metrics
1776377235.7296445,548,anchor_data,20.408,True,0,tl_state
1776377235.7722695,549,anchor_data,18.997,True,0,metrics
1776377235.7912867,549,anchor_data,18.897,True,0,tl_state
1776377235.8382435,550,anchor_data,19.794,True,0,metrics
1776377235.8584876,550,anchor_data,20.152,True,0,tl_state
1776377235.8766315,550,anchor_batch,18.051,True,49,vehicles
1776377235.934609,551,anchor_data,22.732,True,0,metrics
1776377235.9544764,551,anchor_data,19.765,True,0,tl_state
1776377235.9993646,552,anchor_data,21.002,True,0,metrics
1776377236.0208657,552,anchor_data,21.366,True,0,tl_state
1776377236.0676267,553,anchor_data,21.329,True,0,metrics
1776377236.0880158,553,anchor_data,20.232,True,0,tl_state
1776377236.1369555,554,anchor_data,22.459,True,0,metrics
1776377236.155138,554,anchor_data,18.098,True,0,tl_state
1776377236.2036133,555,anchor_data,23.389,True,0,metrics
1776377236.2230976,555,anchor_data,19.4,True,0,tl_state
1776377236.2407112,555,anchor_batch,17.513,True,50,vehicles
1776377236.2901742,556,anchor_data,20.557,True,0,metrics
1776377236.3080456,556,anchor_data,17.77,True,0,tl_state
1776377236.3571296,557,anchor_data,23.178,True,0,metrics
1776377236.3761475,557,anchor_data,18.931,True,0,tl_state
1776377236.4226751,558,anchor_data,22.839,True,0,metrics
1776377236.4443555,558,anchor_data,21.582,True,0,tl_state
1776377236.4891858,559,anchor_data,19.944,True,0,metrics
1776377236.5091765,559,anchor_data,19.905,True,0,tl_state
1776377236.5509255,560,anchor_data,18.897,True,0,metrics
1776377236.5738616,560,anchor_data,22.808,True,0,tl_state
1776377236.5958545,560,anchor_batch,21.895,True,50,vehicles
1776377236.6459546,561,anchor_data,20.724,True,0,metrics
1776377236.6719966,561,anchor_data,25.957,True,0,tl_state
1776377236.7200212,562,anchor_data,22.788,True,0,metrics
1776377236.7396238,562,anchor_data,19.507,True,0,tl_state
1776377236.794292,563,anchor_data,26.932,True,0,metrics
1776377236.8162527,563,anchor_data,21.888,True,0,tl_state
1776377236.8658922,564,anchor_data,22.628,True,0,metrics
1776377236.8889868,564,anchor_data,23.004,True,0,tl_state
1776377236.9387174,565,anchor_data,21.14,True,0,metrics
1776377236.9584308,565,anchor_data,19.622,True,0,tl_state
1776377236.9776673,565,anchor_batch,19.108,True,52,vehicles
1776377237.0279894,566,anchor_data,22.056,True,0,metrics
1776377237.047392,566,anchor_data,19.297,True,0,tl_state
1776377237.09367,567,anchor_data,18.815,True,0,metrics
1776377237.12309,567,anchor_data,29.336,True,0,tl_state
1776377237.1754286,568,anchor_data,20.069,True,0,metrics
1776377237.1971514,568,anchor_data,21.578,True,0,tl_state
1776377237.241427,569,anchor_data,19.475,True,0,metrics
1776377237.261513,569,anchor_data,20.002,True,0,tl_state
1776377237.3041291,570,anchor_data,18.424,True,0,metrics
1776377237.324879,570,anchor_data,20.665,True,0,tl_state
1776377237.343325,570,anchor_batch,18.355,True,51,vehicles
1776377237.3908844,571,anchor_data,19.373,True,0,metrics
1776377237.4101057,571,anchor_data,19.134,True,0,tl_state
1776377237.4549074,572,anchor_data,18.8,True,0,metrics
1776377237.473819,572,anchor_data,18.823,True,0,tl_state
1776377237.5179946,573,anchor_data,20.435,True,0,metrics
1776377237.5389936,573,anchor_data,20.903,True,0,tl_state
1776377237.5843515,574,anchor_data,19.481,True,0,metrics
1776377237.607843,574,anchor_data,23.391,True,0,tl_state
1776377237.6544178,575,anchor_data,22.587,True,0,metrics
1776377237.6747608,575,anchor_data,20.259,True,0,tl_state
1776377237.7080925,575,anchor_batch,33.25,True,53,vehicles
1776377237.7689285,576,anchor_data,22.102,True,0,metrics
1776377237.790304,576,anchor_data,21.234,True,0,tl_state
1776377237.8338149,577,anchor_data,20.51,True,0,metrics
1776377237.8545449,577,anchor_data,20.621,True,0,tl_state
1776377237.8982668,578,anchor_data,20.5,True,0,metrics
1776377237.917393,578,anchor_data,19.041,True,0,tl_state
1776377237.9607215,579,anchor_data,19.765,True,0,metrics
1776377237.9808357,579,anchor_data,20.008,True,0,tl_state
1776377238.0286534,580,anchor_data,20.538,True,0,metrics
1776377238.0522451,580,anchor_data,19.341,True,0,tl_state
1776377238.0726051,580,anchor_batch,20.251,True,51,vehicles
1776377238.1194007,581,anchor_data,20.804,True,0,metrics
1776377238.1399775,581,anchor_data,20.472,True,0,tl_state
1776377238.18742,582,anchor_data,24.397,True,0,metrics
1776377238.2054079,582,anchor_data,17.863,True,0,tl_state
1776377238.25361,583,anchor_data,22.104,True,0,metrics
1776377238.2727077,583,anchor_data,18.989,True,0,tl_state
1776377238.3138752,584,anchor_data,19.424,True,0,metrics
1776377238.3340986,584,anchor_data,20.096,True,0,tl_state
1776377238.3751235,585,anchor_data,19.116,True,0,metrics
1776377238.395305,585,anchor_data,20.049,True,0,tl_state
1776377238.4125402,585,anchor_batch,17.14,True,50,vehicles
1776377238.4570725,586,anchor_data,20.012,True,0,metrics
1776377238.476795,586,anchor_data,19.639,True,0,tl_state
1776377238.5181434,587,anchor_data,19.529,True,0,metrics
1776377238.5367193,587,anchor_data,18.482,True,0,tl_state
1776377238.5821068,588,anchor_data,25.165,True,0,metrics
1776377238.6034248,588,anchor_data,21.225,True,0,tl_state
1776377238.6477196,589,anchor_data,22.407,True,0,metrics
1776377238.6687133,589,anchor_data,20.905,True,0,tl_state
1776377238.7109993,590,anchor_data,19.878,True,0,metrics
1776377238.7291138,590,anchor_data,18.007,True,0,tl_state
1776377238.7481916,590,anchor_batch,18.988,True,48,vehicles
1776377238.7927957,591,anchor_data,19.336,True,0,metrics
1776377238.8126824,591,anchor_data,19.806,True,0,tl_state
1776377238.852812,592,anchor_data,19.151,True,0,metrics
1776377238.8732417,592,anchor_data,20.329,True,0,tl_state
1776377238.9172413,593,anchor_data,22.118,True,0,metrics
1776377238.9368012,593,anchor_data,19.446,True,0,tl_state
1776377238.9821303,594,anchor_data,21.037,True,0,metrics
1776377239.0007224,594,anchor_data,18.498,True,0,tl_state
1776377239.0448036,595,anchor_data,20.642,True,0,metrics
1776377239.0648692,595,anchor_data,19.956,True,0,tl_state
1776377239.0851643,595,anchor_batch,20.196,True,49,vehicles
1776377239.130164,596,anchor_data,19.648,True,0,metrics
1776377239.1496444,596,anchor_data,19.393,True,0,tl_state
1776377239.192863,597,anchor_data,20.413,True,0,metrics
1776377239.213711,597,anchor_data,20.754,True,0,tl_state
1776377239.2589805,598,anchor_data,20.111,True,0,metrics
1776377239.278274,598,anchor_data,19.187,True,0,tl_state
1776377239.3243165,599,anchor_data,22.27,True,0,metrics
1776377239.347449,599,anchor_data,23.047,True,0,tl_state
1776377239.400565,600,anchor_data,24.244,True,0,metrics
1776377239.4234078,600,anchor_data,22.645,True,0,tl_state
1776377239.4602678,600,anchor_batch,36.711,True,49,vehicles
1776377239.5123587,601,anchor_data,22.005,True,0,metrics
1776377239.5336416,601,anchor_data,21.198,True,0,tl_state
1776377239.5765789,602,anchor_data,20.202,True,0,metrics
1776377239.595064,602,anchor_data,18.382,True,0,tl_state
1776377239.6373074,603,anchor_data,20.529,True,0,metrics
1776377239.6579297,603,anchor_data,20.522,True,0,tl_state
1776377239.7008586,604,anchor_data,21.383,True,0,metrics
1776377239.7237215,604,anchor_data,22.763,True,0,tl_state
1776377239.7833824,605,anchor_data,36.865,True,0,metrics
1776377239.813142,605,anchor_data,29.436,True,0,tl_state
1776377239.834496,605,anchor_batch,21.26,True,49,vehicles
1776377239.8858767,606,anchor_data,22.997,True,0,metrics
1776377239.9043517,606,anchor_data,18.345,True,0,tl_state
1776377239.9586933,607,anchor_data,22.199,True,0,metrics
1776377239.9765475,607,anchor_data,17.767,True,0,tl_state
1776377240.0199583,608,anchor_data,19.507,True,0,metrics
1776377240.0434635,608,anchor_data,23.407,True,0,tl_state
1776377240.0910168,609,anchor_data,19.918,True,0,metrics
1776377240.1121724,609,anchor_data,21.054,True,0,tl_state
1776377240.159484,610,anchor_data,21.602,True,0,metrics
1776377240.1797535,610,anchor_data,20.192,True,0,tl_state
1776377240.1987627,610,anchor_batch,18.903,True,51,vehicles
1776377240.2474823,611,anchor_data,22.192,True,0,metrics
1776377240.267453,611,anchor_data,19.881,True,0,tl_state
1776377240.3117096,612,anchor_data,19.794,True,0,metrics
1776377240.3308952,612,anchor_data,19.098,True,0,tl_state
1776377240.3770332,613,anchor_data,20.269,True,0,metrics
1776377240.3955972,613,anchor_data,18.479,True,0,tl_state
1776377240.4393137,614,anchor_data,19.978,True,0,metrics
1776377240.458651,614,anchor_data,19.213,True,0,tl_state
1776377240.505726,615,anchor_data,23.536,True,0,metrics
1776377240.5250301,615,anchor_data,19.209,True,0,tl_state
1776377240.5423121,615,anchor_batch,17.203,True,52,vehicles
1776377240.590519,616,anchor_data,19.467,True,0,metrics
1776377240.6113317,616,anchor_data,20.726,True,0,tl_state
1776377240.6543992,617,anchor_data,19.824,True,0,metrics
1776377240.673923,617,anchor_data,19.413,True,0,tl_state
1776377240.7218184,618,anchor_data,24.02,True,0,metrics
1776377240.741606,618,anchor_data,19.7,True,0,tl_state
1776377240.792203,619,anchor_data,22.055,True,0,metrics
1776377240.8175106,619,anchor_data,25.184,True,0,tl_state
1776377240.8619845,620,anchor_data,19.399,True,0,metrics
1776377240.8809924,620,anchor_data,18.917,True,0,tl_state
1776377240.8975954,620,anchor_batch,16.533,True,53,vehicles
1776377240.94812,621,anchor_data,22.716,True,0,metrics
1776377240.9677382,621,anchor_data,19.493,True,0,tl_state
1776377241.0119712,622,anchor_data,20.25,True,0,metrics
1776377241.031968,622,anchor_data,19.909,True,0,tl_state
1776377241.077746,623,anchor_data,20.005,True,0,metrics
1776377241.0964472,623,anchor_data,18.608,True,0,tl_state
1776377241.1451304,624,anchor_data,20.385,True,0,metrics
1776377241.166869,624,anchor_data,21.62,True,0,tl_state
1776377241.2113647,625,anchor_data,20.627,True,0,metrics
1776377241.2306697,625,anchor_data,19.229,True,0,tl_state
1776377241.2479362,625,anchor_batch,17.197,True,54,vehicles
1776377241.2947803,626,anchor_data,19.369,True,0,metrics
1776377241.3132644,626,anchor_data,18.398,True,0,tl_state
1776377241.3565688,627,anchor_data,18.767,True,0,metrics
1776377241.3749008,627,anchor_data,18.248,True,0,tl_state
1776377241.421076,628,anchor_data,19.28,True,0,metrics
1776377241.4422636,628,anchor_data,21.088,True,0,tl_state
1776377241.487135,629,anchor_data,20.521,True,0,metrics
1776377241.5070214,629,anchor_data,19.791,True,0,tl_state
1776377241.551182,630,anchor_data,20.979,True,0,metrics
1776377241.570659,630,anchor_data,19.377,True,0,tl_state
1776377241.5887275,630,anchor_batch,17.989,True,55,vehicles
1776377241.6451766,631,anchor_data,21.401,True,0,metrics
1776377241.666805,631,anchor_data,21.491,True,0,tl_state
1776377241.7135854,632,anchor_data,20.102,True,0,metrics
1776377241.731036,632,anchor_data,17.343,True,0,tl_state
1776377241.7748225,633,anchor_data,18.833,True,0,metrics
1776377241.7943432,633,anchor_data,19.41,True,0,tl_state
1776377241.8423512,634,anchor_data,21.869,True,0,metrics
1776377241.8622391,634,anchor_data,19.799,True,0,tl_state
1776377241.9274578,635,anchor_data,28.473,True,0,metrics
1776377241.950123,635,anchor_data,22.574,True,0,tl_state
1776377241.971353,635,anchor_batch,21.124,True,58,vehicles
1776377242.0211623,636,anchor_data,19.575,True,0,metrics
1776377242.0429606,636,anchor_data,21.669,True,0,tl_state
1776377242.0894923,637,anchor_data,20.628,True,0,metrics
1776377242.1076355,637,anchor_data,18.016,True,0,tl_state
1776377242.1543698,638,anchor_data,18.256,True,0,metrics
1776377242.1748207,638,anchor_data,20.321,True,0,tl_state
1776377242.22443,639,anchor_data,20.542,True,0,metrics
1776377242.2442293,639,anchor_data,19.712,True,0,tl_state
1776377242.2885144,640,anchor_data,18.721,True,0,metrics
1776377242.3083496,640,anchor_data,19.748,True,0,tl_state
1776377242.3262823,640,anchor_batch,17.847,True,57,vehicles
1776377242.377486,641,anchor_data,20.866,True,0,metrics
1776377242.3971045,641,anchor_data,19.489,True,0,tl_state
1776377242.440048,642,anchor_data,19.395,True,0,metrics
1776377242.4592996,642,anchor_data,19.174,True,0,tl_state
1776377242.504632,643,anchor_data,19.27,True,0,metrics
1776377242.5245261,643,anchor_data,19.796,True,0,tl_state
1776377242.5740356,644,anchor_data,22.01,True,0,metrics
1776377242.5925708,644,anchor_data,18.444,True,0,tl_state
1776377242.6391273,645,anchor_data,20.022,True,0,metrics
1776377242.6603968,645,anchor_data,21.169,True,0,tl_state
1776377242.6816635,645,anchor_batch,21.193,True,55,vehicles
1776377242.734016,646,anchor_data,22.625,True,0,metrics
1776377242.7516851,646,anchor_data,17.516,True,0,tl_state
1776377242.7943234,647,anchor_data,19.278,True,0,metrics
1776377242.814806,647,anchor_data,20.369,True,0,tl_state
1776377242.862943,648,anchor_data,22.498,True,0,metrics
1776377242.8824766,648,anchor_data,19.439,True,0,tl_state
1776377242.9281988,649,anchor_data,21.91,True,0,metrics
1776377242.948767,649,anchor_data,20.455,True,0,tl_state
1776377242.9939134,650,anchor_data,19.976,True,0,metrics
1776377243.0135615,650,anchor_data,19.539,True,0,tl_state
1776377243.0314078,650,anchor_batch,17.771,True,53,vehicles
1776377243.0881512,651,anchor_data,22.825,True,0,metrics
1776377243.1078665,651,anchor_data,19.627,True,0,tl_state
1776377243.1540263,652,anchor_data,20.688,True,0,metrics
1776377243.175001,652,anchor_data,20.889,True,0,tl_state
1776377243.2198606,653,anchor_data,19.295,True,0,metrics
1776377243.2397213,653,anchor_data,19.758,True,0,tl_state
1776377243.2886183,654,anchor_data,20.486,True,0,metrics
1776377243.306628,654,anchor_data,17.918,True,0,tl_state
1776377243.3540978,655,anchor_data,22.352,True,0,metrics
1776377243.3733785,655,anchor_data,19.194,True,0,tl_state
1776377243.3900812,655,anchor_batch,16.63,True,50,vehicles
1776377243.4397633,656,anchor_data,21.411,True,0,metrics
1776377243.4583645,656,anchor_data,18.499,True,0,tl_state
1776377243.5042396,657,anchor_data,20.611,True,0,metrics
1776377243.525116,657,anchor_data,20.793,True,0,tl_state
1776377243.570479,658,anchor_data,19.873,True,0,metrics
1776377243.5900111,658,anchor_data,19.328,True,0,tl_state
1776377243.6373987,659,anchor_data,21.882,True,0,metrics
1776377243.6555498,659,anchor_data,18.068,True,0,tl_state
1776377243.6998596,660,anchor_data,20.835,True,0,metrics
1776377243.721647,660,anchor_data,21.603,True,0,tl_state
1776377243.73971,660,anchor_batch,17.983,True,47,vehicles
1776377243.790154,661,anchor_data,22.621,True,0,metrics
1776377243.810153,661,anchor_data,19.903,True,0,tl_state
1776377243.8582017,662,anchor_data,24.061,True,0,metrics
1776377243.8777974,662,anchor_data,19.504,True,0,tl_state
1776377243.92342,663,anchor_data,20.61,True,0,metrics
1776377243.9425733,663,anchor_data,19.054,True,0,tl_state
1776377243.9836335,664,anchor_data,18.698,True,0,metrics
1776377244.0045156,664,anchor_data,20.508,True,0,tl_state
1776377244.0648289,665,anchor_data,30.514,True,0,metrics
1776377244.087339,665,anchor_data,22.42,True,0,tl_state
1776377244.1067758,665,anchor_batch,19.354,True,47,vehicles
1776377244.1539702,666,anchor_data,19.854,True,0,metrics
1776377244.1727793,666,anchor_data,18.72,True,0,tl_state
1776377244.2159822,667,anchor_data,20.434,True,0,metrics
1776377244.2350123,667,anchor_data,18.851,True,0,tl_state
1776377244.278858,668,anchor_data,19.994,True,0,metrics
1776377244.2984757,668,anchor_data,19.532,True,0,tl_state
1776377244.3430521,669,anchor_data,19.295,True,0,metrics
1776377244.3611522,669,anchor_data,18.021,True,0,tl_state
1776377244.4069283,670,anchor_data,19.698,True,0,metrics
1776377244.4261978,670,anchor_data,19.189,True,0,tl_state
1776377244.443126,670,anchor_batch,16.844,True,47,vehicles
1776377244.4881334,671,anchor_data,19.242,True,0,metrics
1776377244.5125015,671,anchor_data,24.273,True,0,tl_state
1776377244.5537128,672,anchor_data,19.607,True,0,metrics
1776377244.5732343,672,anchor_data,19.429,True,0,tl_state
1776377244.6158638,673,anchor_data,21.772,True,0,metrics
1776377244.6349883,673,anchor_data,19.035,True,0,tl_state
1776377244.6807432,674,anchor_data,19.963,True,0,metrics
1776377244.7004302,674,anchor_data,19.565,True,0,tl_state
1776377244.741627,675,anchor_data,17.732,True,0,metrics
1776377244.7613668,675,anchor_data,19.623,True,0,tl_state
1776377244.7791817,675,anchor_batch,17.736,True,50,vehicles
1776377244.8257618,676,anchor_data,20.202,True,0,metrics
1776377244.8448114,676,anchor_data,18.969,True,0,tl_state
1776377244.8896587,677,anchor_data,18.412,True,0,metrics
1776377244.9096315,677,anchor_data,19.891,True,0,tl_state
1776377244.953202,678,anchor_data,19.421,True,0,metrics
1776377244.972838,678,anchor_data,19.511,True,0,tl_state
1776377245.0181525,679,anchor_data,20.479,True,0,metrics
1776377245.0371993,679,anchor_data,18.949,True,0,tl_state
1776377245.081206,680,anchor_data,21.359,True,0,metrics
1776377245.0999556,680,anchor_data,18.654,True,0,tl_state
1776377245.1173413,680,anchor_batch,17.299,True,50,vehicles
1776377245.1644824,681,anchor_data,20.955,True,0,metrics
1776377245.1824665,681,anchor_data,17.901,True,0,tl_state
1776377245.2282429,682,anchor_data,20.123,True,0,metrics
1776377245.2478077,682,anchor_data,19.49,True,0,tl_state
1776377245.2908137,683,anchor_data,19.378,True,0,metrics
1776377245.3112533,683,anchor_data,20.303,True,0,tl_state
1776377245.3583903,684,anchor_data,20.131,True,0,metrics
1776377245.3792624,684,anchor_data,20.76,True,0,tl_state
1776377245.4220874,685,anchor_data,17.429,True,0,metrics
1776377245.4400508,685,anchor_data,17.884,True,0,tl_state
1776377245.4569397,685,anchor_batch,16.778,True,51,vehicles
1776377245.5054991,686,anchor_data,21.428,True,0,metrics
1776377245.5285592,686,anchor_data,22.971,True,0,tl_state
1776377245.5773163,687,anchor_data,21.349,True,0,metrics
1776377245.5958354,687,anchor_data,18.427,True,0,tl_state
1776377245.6399565,688,anchor_data,18.568,True,0,metrics
1776377245.657893,688,anchor_data,17.853,True,0,tl_state
1776377245.7036543,689,anchor_data,18.07,True,0,metrics
1776377245.722619,689,anchor_data,18.882,True,0,tl_state
1776377245.7687097,690,anchor_data,19.163,True,0,metrics
1776377245.7875807,690,anchor_data,18.792,True,0,tl_state
1776377245.8036125,690,anchor_batch,15.945,True,52,vehicles
1776377245.850596,691,anchor_data,20.439,True,0,metrics
1776377245.8704963,691,anchor_data,19.82,True,0,tl_state
1776377245.9337275,692,anchor_data,36.529,True,0,metrics
1776377245.950165,692,anchor_data,16.313,True,0,tl_state
1776377245.9959674,693,anchor_data,19.507,True,0,metrics
1776377246.0153382,693,anchor_data,19.289,True,0,tl_state
1776377246.056692,694,anchor_data,17.748,True,0,metrics
1776377246.0743382,694,anchor_data,17.531,True,0,tl_state
1776377246.1192603,695,anchor_data,20.138,True,0,metrics
1776377246.1389344,695,anchor_data,19.562,True,0,tl_state
1776377246.166785,695,anchor_batch,27.769,True,48,vehicles
1776377246.2237964,696,anchor_data,22.171,True,0,metrics
1776377246.2438083,696,anchor_data,19.904,True,0,tl_state
1776377246.28826,697,anchor_data,19.49,True,0,metrics
1776377246.307248,697,anchor_data,18.904,True,0,tl_state
1776377246.351478,698,anchor_data,20.041,True,0,metrics
1776377246.3710048,698,anchor_data,19.386,True,0,tl_state
1776377246.417017,699,anchor_data,20.715,True,0,metrics
1776377246.4358406,699,anchor_data,18.722,True,0,tl_state
1776377246.4789286,700,anchor_data,19.744,True,0,metrics
1776377246.4999905,700,anchor_data,20.961,True,0,tl_state
1776377246.5175076,700,anchor_batch,17.427,True,49,vehicles
1776377246.5683742,701,anchor_data,21.08,True,0,metrics
1776377246.5873976,701,anchor_data,18.935,True,0,tl_state
1776377246.6347036,702,anchor_data,19.765,True,0,metrics
1776377246.655628,702,anchor_data,20.821,True,0,tl_state
1776377246.6987872,703,anchor_data,20.195,True,0,metrics
1776377246.7183518,703,anchor_data,19.459,True,0,tl_state
1776377246.760357,704,anchor_data,19.007,True,0,metrics
1776377246.780591,704,anchor_data,20.111,True,0,tl_state
1776377246.8243287,705,anchor_data,20.802,True,0,metrics
1776377246.8446198,705,anchor_data,20.211,True,0,tl_state
1776377246.8638124,705,anchor_batch,19.093,True,47,vehicles
1776377246.9077294,706,anchor_data,18.471,True,0,metrics
1776377246.9265358,706,anchor_data,18.723,True,0,tl_state
1776377246.9699566,707,anchor_data,20.865,True,0,metrics
1776377246.9904325,707,anchor_data,20.392,True,0,tl_state
1776377247.0349,708,anchor_data,19.469,True,0,metrics
1776377247.054652,708,anchor_data,19.631,True,0,tl_state
1776377247.0999506,709,anchor_data,21.408,True,0,metrics
1776377247.118361,709,anchor_data,18.313,True,0,tl_state
1776377247.1601052,710,anchor_data,19.086,True,0,metrics
1776377247.179401,710,anchor_data,19.211,True,0,tl_state
1776377247.2066243,710,anchor_batch,27.15,True,49,vehicles
1776377247.2566707,711,anchor_data,20.849,True,0,metrics
1776377247.2770758,711,anchor_data,20.305,True,0,tl_state
1776377247.3229764,712,anchor_data,21.074,True,0,metrics
1776377247.3428302,712,anchor_data,19.773,True,0,tl_state
1776377247.387529,713,anchor_data,20.368,True,0,metrics
1776377247.4076262,713,anchor_data,19.91,True,0,tl_state
1776377247.4567454,714,anchor_data,22.754,True,0,metrics
1776377247.4770737,714,anchor_data,20.244,True,0,tl_state
1776377247.5201023,715,anchor_data,18.839,True,0,metrics
1776377247.5391393,715,anchor_data,18.942,True,0,tl_state
1776377247.5562313,715,anchor_batch,17.02,True,50,vehicles
1776377247.6040368,716,anchor_data,20.742,True,0,metrics
1776377247.6218178,716,anchor_data,17.671,True,0,tl_state
1776377247.6701198,717,anchor_data,20.22,True,0,metrics
1776377247.6896603,717,anchor_data,19.445,True,0,tl_state
1776377247.7361279,718,anchor_data,21.049,True,0,metrics
1776377247.7557285,718,anchor_data,19.441,True,0,tl_state
1776377247.8019018,719,anchor_data,19.38,True,0,metrics
1776377247.8212035,719,anchor_data,19.205,True,0,tl_state
1776377247.8695571,720,anchor_data,20.294,True,0,metrics
1776377247.8885474,720,anchor_data,18.893,True,0,tl_state
1776377247.9062521,720,anchor_batch,17.584,True,52,vehicles
1776377247.956655,721,anchor_data,20.335,True,0,metrics
1776377247.9746375,721,anchor_data,17.885,True,0,tl_state
1776377248.0220888,722,anchor_data,23.462,True,0,metrics
1776377248.0405815,722,anchor_data,18.402,True,0,tl_state
1776377248.0884705,723,anchor_data,19.041,True,0,metrics
1776377248.117394,723,anchor_data,28.765,True,0,tl_state
1776377248.1698954,724,anchor_data,19.367,True,0,metrics
1776377248.1932213,724,anchor_data,23.246,True,0,tl_state
1776377248.2418647,725,anchor_data,20.399,True,0,metrics
1776377248.2616546,725,anchor_data,19.682,True,0,tl_state
1776377248.2785766,725,anchor_batch,16.85,True,54,vehicles
1776377248.3272293,726,anchor_data,19.888,True,0,metrics
1776377248.3461797,726,anchor_data,18.863,True,0,tl_state
1776377248.3991685,727,anchor_data,22.678,True,0,metrics
1776377248.4239311,727,anchor_data,24.669,True,0,tl_state
1776377248.4706333,728,anchor_data,20.334,True,0,metrics
1776377248.4906223,728,anchor_data,19.905,True,0,tl_state
1776377248.5356429,729,anchor_data,20.199,True,0,metrics
1776377248.5558348,729,anchor_data,20.095,True,0,tl_state
1776377248.60541,730,anchor_data,20.03,True,0,metrics
1776377248.6265738,730,anchor_data,21.055,True,0,tl_state
1776377248.6447706,730,anchor_batch,18.089,True,53,vehicles
1776377248.6938772,731,anchor_data,19.727,True,0,metrics
1776377248.7144735,731,anchor_data,20.512,True,0,tl_state
1776377248.7611659,732,anchor_data,20.969,True,0,metrics
1776377248.780506,732,anchor_data,19.233,True,0,tl_state
1776377248.8281646,733,anchor_data,22.101,True,0,metrics
1776377248.8475378,733,anchor_data,19.289,True,0,tl_state
1776377248.902171,734,anchor_data,20.897,True,0,metrics
1776377248.9235876,734,anchor_data,21.313,True,0,tl_state
1776377248.9719157,735,anchor_data,21.262,True,0,metrics
1776377248.9909022,735,anchor_data,18.861,True,0,tl_state
1776377249.0097404,735,anchor_batch,18.736,True,54,vehicles
1776377249.0627344,736,anchor_data,21.802,True,0,metrics
1776377249.085207,736,anchor_data,22.358,True,0,tl_state
1776377249.1341283,737,anchor_data,20.953,True,0,metrics
1776377249.1532712,737,anchor_data,19.017,True,0,tl_state
1776377249.198294,738,anchor_data,19.754,True,0,metrics
1776377249.218354,738,anchor_data,19.979,True,0,tl_state
1776377249.2673385,739,anchor_data,23.25,True,0,metrics
1776377249.2881477,739,anchor_data,20.681,True,0,tl_state
1776377249.337791,740,anchor_data,20.871,True,0,metrics
1776377249.3570542,740,anchor_data,19.078,True,0,tl_state
1776377249.374968,740,anchor_batch,17.828,True,54,vehicles
1776377249.4325335,741,anchor_data,23.649,True,0,metrics
1776377249.451905,741,anchor_data,19.213,True,0,tl_state
1776377249.4984565,742,anchor_data,19.973,True,0,metrics
1776377249.518691,742,anchor_data,20.082,True,0,tl_state
1776377249.5640645,743,anchor_data,20.937,True,0,metrics
1776377249.5830524,743,anchor_data,18.901,True,0,tl_state
1776377249.6265314,744,anchor_data,18.398,True,0,metrics
1776377249.6453986,744,anchor_data,18.782,True,0,tl_state
1776377249.6910684,745,anchor_data,20.302,True,0,metrics
1776377249.709541,745,anchor_data,18.389,True,0,tl_state
1776377249.7268503,745,anchor_batch,17.199,True,51,vehicles
1776377249.773438,746,anchor_data,17.976,True,0,metrics
1776377249.7904394,746,anchor_data,16.925,True,0,tl_state
1776377249.8315735,747,anchor_data,19.202,True,0,metrics
1776377249.8510518,747,anchor_data,19.393,True,0,tl_state
1776377249.8958945,748,anchor_data,20.473,True,0,metrics
1776377249.9170444,748,anchor_data,21.069,True,0,tl_state
1776377249.9651642,749,anchor_data,20.319,True,0,metrics
1776377249.9838247,749,anchor_data,18.573,True,0,tl_state
1776377250.0243251,750,anchor_data,18.647,True,0,metrics
1776377250.0446546,750,anchor_data,20.24,True,0,tl_state
1776377250.0623672,750,anchor_batch,17.393,True,49,vehicles
1776377250.1166,751,anchor_data,23.142,True,0,metrics
1776377250.1368077,751,anchor_data,20.1,True,0,tl_state
1776377250.1864176,752,anchor_data,21.17,True,0,metrics
1776377250.2046757,752,anchor_data,18.166,True,0,tl_state
1776377250.2513125,753,anchor_data,21.211,True,0,metrics
1776377250.2741039,753,anchor_data,22.695,True,0,tl_state
1776377250.33275,754,anchor_data,22.567,True,0,metrics
1776377250.3533692,754,anchor_data,20.523,True,0,tl_state
1776377250.406364,755,anchor_data,24.505,True,0,metrics
1776377250.4267418,755,anchor_data,20.284,True,0,tl_state
1776377250.4449456,755,anchor_batch,18.1,True,51,vehicles
1776377250.4923544,756,anchor_data,20.597,True,0,metrics
1776377250.5118446,756,anchor_data,19.384,True,0,tl_state
1776377250.5592387,757,anchor_data,19.204,True,0,metrics
1776377250.5790608,757,anchor_data,19.742,True,0,tl_state
1776377250.630362,758,anchor_data,21.071,True,0,metrics
1776377250.6510053,758,anchor_data,20.561,True,0,tl_state
1776377250.6983416,759,anchor_data,20.443,True,0,metrics
1776377250.7256215,759,anchor_data,27.149,True,0,tl_state
1776377250.7727745,760,anchor_data,19.734,True,0,metrics
1776377250.7935476,760,anchor_data,20.68,True,0,tl_state
1776377250.8134077,760,anchor_batch,19.757,True,52,vehicles
1776377250.863348,761,anchor_data,21.026,True,0,metrics
1776377250.8840733,761,anchor_data,20.627,True,0,tl_state
1776377250.9273865,762,anchor_data,18.901,True,0,metrics
1776377250.946201,762,anchor_data,18.73,True,0,tl_state
1776377250.9951458,763,anchor_data,21.084,True,0,metrics
1776377251.0141153,763,anchor_data,18.861,True,0,tl_state
1776377251.0593994,764,anchor_data,18.136,True,0,metrics
1776377251.0783165,764,anchor_data,18.782,True,0,tl_state
1776377251.1213274,765,anchor_data,18.163,True,0,metrics
1776377251.1420393,765,anchor_data,20.622,True,0,tl_state
1776377251.159729,765,anchor_batch,17.612,True,55,vehicles
1776377251.2136,766,anchor_data,22.446,True,0,metrics
1776377251.2329502,766,anchor_data,19.267,True,0,tl_state
1776377251.2764597,767,anchor_data,18.851,True,0,metrics
1776377251.295488,767,anchor_data,18.949,True,0,tl_state
1776377251.3425553,768,anchor_data,19.224,True,0,metrics
1776377251.3627002,768,anchor_data,20.01,True,0,tl_state
1776377251.4109883,769,anchor_data,19.349,True,0,metrics
1776377251.4320762,769,anchor_data,21.0,True,0,tl_state
1776377251.48371,770,anchor_data,21.02,True,0,metrics
1776377251.501375,770,anchor_data,17.566,True,0,tl_state
1776377251.5212648,770,anchor_batch,19.64,True,56,vehicles
1776377251.571887,771,anchor_data,22.816,True,0,metrics
1776377251.5903232,771,anchor_data,18.335,True,0,tl_state
1776377251.644327,772,anchor_data,20.548,True,0,metrics
1776377251.664631,772,anchor_data,20.19,True,0,tl_state
1776377251.7125149,773,anchor_data,19.485,True,0,metrics
1776377251.7312732,773,anchor_data,18.663,True,0,tl_state
1776377251.7789044,774,anchor_data,20.699,True,0,metrics
1776377251.7979784,774,anchor_data,18.988,True,0,tl_state
1776377251.8513641,775,anchor_data,23.392,True,0,metrics
1776377251.87226,775,anchor_data,20.791,True,0,tl_state
1776377251.8932037,775,anchor_batch,20.841,True,57,vehicles
1776377251.9436297,776,anchor_data,19.497,True,0,metrics
1776377251.966553,776,anchor_data,22.838,True,0,tl_state
1776377252.0183814,777,anchor_data,21.144,True,0,metrics
1776377252.0374415,777,anchor_data,18.947,True,0,tl_state
1776377252.0878386,778,anchor_data,21.601,True,0,metrics
1776377252.1117642,778,anchor_data,19.801,True,0,tl_state
1776377252.1600122,779,anchor_data,19.674,True,0,metrics
1776377252.1792786,779,anchor_data,19.185,True,0,tl_state
1776377252.2287126,780,anchor_data,19.636,True,0,metrics
1776377252.2497408,780,anchor_data,20.94,True,0,tl_state
1776377252.269183,780,anchor_batch,19.331,True,58,vehicles
1776377252.343056,781,anchor_data,34.155,True,0,metrics
1776377252.367931,781,anchor_data,24.773,True,0,tl_state
1776377252.422045,782,anchor_data,23.394,True,0,metrics
1776377252.4552639,782,anchor_data,33.128,True,0,tl_state
1776377252.5054872,783,anchor_data,22.649,True,0,metrics
1776377252.5235136,783,anchor_data,17.944,True,0,tl_state
1776377252.5744925,784,anchor_data,20.92,True,0,metrics
1776377252.5937994,784,anchor_data,19.226,True,0,tl_state
1776377252.642087,785,anchor_data,19.608,True,0,metrics
1776377252.6613622,785,anchor_data,19.192,True,0,tl_state
1776377252.681345,785,anchor_batch,19.904,True,57,vehicles
1776377252.731982,786,anchor_data,21.018,True,0,metrics
1776377252.7521427,786,anchor_data,20.073,True,0,tl_state
1776377252.7984726,787,anchor_data,19.109,True,0,metrics
1776377252.8172317,787,anchor_data,18.632,True,0,tl_state
1776377252.871905,788,anchor_data,21.83,True,0,metrics
1776377252.8930507,788,anchor_data,21.054,True,0,tl_state
1776377252.9426746,789,anchor_data,20.42,True,0,metrics
1776377252.9646227,789,anchor_data,21.858,True,0,tl_state
1776377253.0127542,790,anchor_data,20.464,True,0,metrics
1776377253.031779,790,anchor_data,18.913,True,0,tl_state
1776377253.0482314,790,anchor_batch,16.371,True,56,vehicles
1776377253.1021178,791,anchor_data,22.517,True,0,metrics
1776377253.1219559,791,anchor_data,19.671,True,0,tl_state
1776377253.169468,792,anchor_data,21.005,True,0,metrics
1776377253.1897638,792,anchor_data,20.13,True,0,tl_state
1776377253.2390382,793,anchor_data,21.575,True,0,metrics
1776377253.2604835,793,anchor_data,21.349,True,0,tl_state
1776377253.3096466,794,anchor_data,20.245,True,0,metrics
1776377253.3308342,794,anchor_data,21.102,True,0,tl_state
1776377253.3774328,795,anchor_data,18.936,True,0,metrics
1776377253.3987813,795,anchor_data,21.258,True,0,tl_state
1776377253.4173882,795,anchor_batch,18.529,True,55,vehicles
1776377253.470478,796,anchor_data,24.295,True,0,metrics
1776377253.4919689,796,anchor_data,21.401,True,0,tl_state
1776377253.5445514,797,anchor_data,21.119,True,0,metrics
1776377253.564457,797,anchor_data,19.774,True,0,tl_state
1776377253.614281,798,anchor_data,22.249,True,0,metrics
1776377253.6347206,798,anchor_data,20.35,True,0,tl_state
1776377253.6835334,799,anchor_data,21.983,True,0,metrics
1776377253.7046678,799,anchor_data,21.027,True,0,tl_state
1776377253.7500584,800,anchor_data,19.379,True,0,metrics
1776377253.7695405,800,anchor_data,19.228,True,0,tl_state
1776377253.7860851,800,anchor_batch,16.469,True,56,vehicles
1776377253.8403533,801,anchor_data,22.239,True,0,metrics
1776377253.8607345,801,anchor_data,20.281,True,0,tl_state
1776377253.915316,802,anchor_data,20.904,True,0,metrics
1776377253.9339385,802,anchor_data,18.54,True,0,tl_state
1776377253.9769433,803,anchor_data,18.574,True,0,metrics
1776377253.9971633,803,anchor_data,20.14,True,0,tl_state
1776377254.0418048,804,anchor_data,20.865,True,0,metrics
1776377254.0612302,804,anchor_data,19.336,True,0,tl_state
1776377254.105759,805,anchor_data,17.981,True,0,metrics
1776377254.1241064,805,anchor_data,18.262,True,0,tl_state
1776377254.1407013,805,anchor_batch,16.489,True,56,vehicles
1776377254.1906624,806,anchor_data,21.399,True,0,metrics
1776377254.2090797,806,anchor_data,18.327,True,0,tl_state
1776377254.256791,807,anchor_data,20.928,True,0,metrics
1776377254.2759767,807,anchor_data,19.07,True,0,tl_state
1776377254.320172,808,anchor_data,18.297,True,0,metrics
1776377254.3414004,808,anchor_data,21.14,True,0,tl_state
1776377254.3921216,809,anchor_data,19.216,True,0,metrics
1776377254.411011,809,anchor_data,18.813,True,0,tl_state
1776377254.4619663,810,anchor_data,19.62,True,0,metrics
1776377254.4810438,810,anchor_data,18.97,True,0,tl_state
1776377254.4993365,810,anchor_batch,18.206,True,58,vehicles
1776377254.548345,811,anchor_data,20.673,True,0,metrics
1776377254.5686853,811,anchor_data,20.254,True,0,tl_state
1776377254.614164,812,anchor_data,19.783,True,0,metrics
1776377254.6347659,812,anchor_data,20.5,True,0,tl_state
1776377254.6847792,813,anchor_data,22.064,True,0,metrics
1776377254.7082415,813,anchor_data,23.347,True,0,tl_state
1776377254.7711966,814,anchor_data,27.423,True,0,metrics
1776377254.7910595,814,anchor_data,19.758,True,0,tl_state
1776377254.8382792,815,anchor_data,20.285,True,0,metrics
1776377254.8570058,815,anchor_data,18.582,True,0,tl_state
1776377254.8731403,815,anchor_batch,16.055,True,60,vehicles
1776377254.925531,816,anchor_data,20.871,True,0,metrics
1776377254.9457204,816,anchor_data,19.991,True,0,tl_state
1776377254.997923,817,anchor_data,22.685,True,0,metrics
1776377255.0179172,817,anchor_data,19.827,True,0,tl_state
1776377255.0662963,818,anchor_data,20.403,True,0,metrics
1776377255.0844874,818,anchor_data,18.056,True,0,tl_state
1776377255.141774,819,anchor_data,24.264,True,0,metrics
1776377255.1619515,819,anchor_data,20.081,True,0,tl_state
1776377255.2078395,820,anchor_data,18.471,True,0,metrics
1776377255.232053,820,anchor_data,24.134,True,0,tl_state
1776377255.2505305,820,anchor_batch,18.397,True,61,vehicles
1776377255.3092241,821,anchor_data,22.397,True,0,metrics
1776377255.3486981,821,anchor_data,39.337,True,0,tl_state
1776377255.398496,822,anchor_data,21.095,True,0,metrics
1776377255.4203954,822,anchor_data,21.808,True,0,tl_state
1776377255.470713,823,anchor_data,20.046,True,0,metrics
1776377255.4912794,823,anchor_data,20.454,True,0,tl_state
1776377255.5397801,824,anchor_data,20.67,True,0,metrics
1776377255.557922,824,anchor_data,18.063,True,0,tl_state
1776377255.603731,825,anchor_data,17.332,True,0,metrics
1776377255.6248522,825,anchor_data,21.038,True,0,tl_state
1776377255.6436367,825,anchor_batch,18.677,True,60,vehicles
1776377255.6931326,826,anchor_data,20.314,True,0,metrics
1776377255.7127976,826,anchor_data,19.576,True,0,tl_state
1776377255.7595384,827,anchor_data,19.185,True,0,metrics
1776377255.7803469,827,anchor_data,20.702,True,0,tl_state
1776377255.8320246,828,anchor_data,21.384,True,0,metrics
1776377255.853027,828,anchor_data,20.882,True,0,tl_state
1776377255.9013603,829,anchor_data,20.208,True,0,metrics
1776377255.9214442,829,anchor_data,19.983,True,0,tl_state
1776377255.9761958,830,anchor_data,22.469,True,0,metrics
1776377256.0024035,830,anchor_data,26.095,True,0,tl_state
1776377256.0237103,830,anchor_batch,21.203,True,59,vehicles
1776377256.0763745,831,anchor_data,18.925,True,0,metrics
1776377256.0957742,831,anchor_data,19.303,True,0,tl_state
1776377256.1436093,832,anchor_data,20.821,True,0,metrics
1776377256.1642873,832,anchor_data,20.592,True,0,tl_state
1776377256.2163846,833,anchor_data,21.676,True,0,metrics
1776377256.238527,833,anchor_data,21.94,True,0,tl_state
1776377256.2857494,834,anchor_data,18.104,True,0,metrics
1776377256.3051953,834,anchor_data,19.36,True,0,tl_state
1776377256.3485098,835,anchor_data,18.08,True,0,metrics
1776377256.369485,835,anchor_data,20.888,True,0,tl_state
1776377256.3923244,835,anchor_batch,22.747,True,59,vehicles
1776377256.4533887,836,anchor_data,24.211,True,0,metrics
1776377256.4740055,836,anchor_data,20.456,True,0,tl_state
1776377256.5277889,837,anchor_data,22.009,True,0,metrics
1776377256.5486085,837,anchor_data,20.726,True,0,tl_state
1776377256.6048071,838,anchor_data,23.547,True,0,metrics
1776377256.626569,838,anchor_data,21.667,True,0,tl_state
1776377256.6818388,839,anchor_data,23.301,True,0,metrics
1776377256.7042804,839,anchor_data,22.348,True,0,tl_state
1776377256.753262,840,anchor_data,21.009,True,0,metrics
1776377256.7745786,840,anchor_data,21.218,True,0,tl_state
1776377256.7958634,840,anchor_batch,21.178,True,57,vehicles
1776377256.859141,841,anchor_data,21.478,True,0,metrics
1776377256.8831053,841,anchor_data,23.858,True,0,tl_state
1776377256.9452436,842,anchor_data,22.279,True,0,metrics
1776377256.9683294,842,anchor_data,22.983,True,0,tl_state
1776377257.0279968,843,anchor_data,21.411,True,0,metrics
1776377257.0509245,843,anchor_data,22.752,True,0,tl_state
1776377257.1051717,844,anchor_data,19.347,True,0,metrics
1776377257.124622,844,anchor_data,19.362,True,0,tl_state
1776377257.175997,845,anchor_data,21.799,True,0,metrics
1776377257.1984606,845,anchor_data,22.351,True,0,tl_state
1776377257.2184346,845,anchor_batch,19.891,True,60,vehicles
1776377257.2845755,846,anchor_data,24.447,True,0,metrics
1776377257.3218641,846,anchor_data,37.177,True,0,tl_state
1776377257.3798866,847,anchor_data,20.749,True,0,metrics
1776377257.401662,847,anchor_data,21.676,True,0,tl_state
1776377257.4543507,848,anchor_data,21.816,True,0,metrics
1776377257.4749136,848,anchor_data,20.453,True,0,tl_state
1776377257.530318,849,anchor_data,24.488,True,0,metrics
1776377257.5504913,849,anchor_data,20.08,True,0,tl_state
1776377257.6294937,850,anchor_data,43.795,True,0,metrics
1776377257.646532,850,anchor_data,16.956,True,0,tl_state
1776377257.6662838,850,anchor_batch,19.662,True,61,vehicles
1776377257.7280223,851,anchor_data,22.117,True,0,metrics
1776377257.7481315,851,anchor_data,20.031,True,0,tl_state
1776377257.798975,852,anchor_data,21.766,True,0,metrics
1776377257.8184025,852,anchor_data,19.275,True,0,tl_state
1776377257.8732605,853,anchor_data,21.496,True,0,metrics
1776377257.892658,853,anchor_data,19.313,True,0,tl_state
1776377257.9449716,854,anchor_data,20.742,True,0,metrics
1776377257.9652748,854,anchor_data,20.215,True,0,tl_state
1776377258.0189092,855,anchor_data,20.1,True,0,metrics
1776377258.0396276,855,anchor_data,20.593,True,0,tl_state
1776377258.0595365,855,anchor_batch,19.828,True,64,vehicles
1776377258.1146076,856,anchor_data,20.178,True,0,metrics
1776377258.132528,856,anchor_data,17.803,True,0,tl_state
1776377258.181396,857,anchor_data,19.807,True,0,metrics
1776377258.2038221,857,anchor_data,22.341,True,0,tl_state
1776377258.2630131,858,anchor_data,22.893,True,0,metrics
1776377258.2815304,858,anchor_data,18.441,True,0,tl_state
1776377258.3336182,859,anchor_data,21.541,True,0,metrics
1776377258.3540058,859,anchor_data,20.299,True,0,tl_state
1776377258.3999727,860,anchor_data,20.181,True,0,metrics
1776377258.4209726,860,anchor_data,20.908,True,0,tl_state
1776377258.438102,860,anchor_batch,17.044,True,60,vehicles
1776377258.4919326,861,anchor_data,21.11,True,0,metrics
1776377258.510893,861,anchor_data,18.865,True,0,tl_state
1776377258.5555935,862,anchor_data,19.632,True,0,metrics
1776377258.5743556,862,anchor_data,18.68,True,0,tl_state
1776377258.6177418,863,anchor_data,18.139,True,0,metrics
1776377258.6365488,863,anchor_data,18.664,True,0,tl_state
1776377258.6814644,864,anchor_data,20.81,True,0,metrics
1776377258.7004142,864,anchor_data,18.861,True,0,tl_state
1776377258.7441704,865,anchor_data,18.588,True,0,metrics
1776377258.762058,865,anchor_data,17.806,True,0,tl_state
1776377258.779693,865,anchor_batch,17.556,True,59,vehicles
1776377258.8283002,866,anchor_data,19.863,True,0,metrics
1776377258.8478377,866,anchor_data,19.45,True,0,tl_state
1776377258.8917503,867,anchor_data,18.929,True,0,metrics
1776377258.9146032,867,anchor_data,22.68,True,0,tl_state
1776377258.9609747,868,anchor_data,20.32,True,0,metrics
1776377258.9807494,868,anchor_data,19.683,True,0,tl_state
1776377259.0275996,869,anchor_data,21.001,True,0,metrics
1776377259.0478947,869,anchor_data,20.18,True,0,tl_state
1776377259.0978084,870,anchor_data,20.756,True,0,metrics
1776377259.1186776,870,anchor_data,20.677,True,0,tl_state
1776377259.1358871,870,anchor_batch,17.125,True,58,vehicles
1776377259.1879413,871,anchor_data,21.013,True,0,metrics
1776377259.207531,871,anchor_data,19.489,True,0,tl_state
1776377259.2555404,872,anchor_data,19.672,True,0,metrics
1776377259.2761984,872,anchor_data,20.569,True,0,tl_state
1776377259.3334732,873,anchor_data,28.152,True,0,metrics
1776377259.361666,873,anchor_data,28.09,True,0,tl_state
1776377259.416673,874,anchor_data,20.575,True,0,metrics
1776377259.4369211,874,anchor_data,20.131,True,0,tl_state
1776377259.4843051,875,anchor_data,19.357,True,0,metrics
1776377259.503851,875,anchor_data,19.456,True,0,tl_state
1776377259.5185874,875,anchor_batch,14.658,True,57,vehicles
1776377259.5688653,876,anchor_data,21.984,True,0,metrics
1776377259.587365,876,anchor_data,18.403,True,0,tl_state
1776377259.6407337,877,anchor_data,20.083,True,0,metrics
1776377259.6626582,877,anchor_data,21.835,True,0,tl_state
1776377259.7134626,878,anchor_data,19.832,True,0,metrics
1776377259.7346268,878,anchor_data,21.059,True,0,tl_state
1776377259.7807846,879,anchor_data,20.272,True,0,metrics
1776377259.800058,879,anchor_data,19.186,True,0,tl_state
1776377259.8510785,880,anchor_data,22.091,True,0,metrics
1776377259.8712862,880,anchor_data,20.109,True,0,tl_state
1776377259.8914816,880,anchor_batch,20.083,True,55,vehicles
1776377259.9436831,881,anchor_data,21.865,True,0,metrics
1776377259.9637675,881,anchor_data,19.818,True,0,tl_state
1776377260.0120983,882,anchor_data,20.248,True,0,metrics
1776377260.0310392,882,anchor_data,18.85,True,0,tl_state
1776377260.0757115,883,anchor_data,20.151,True,0,metrics
1776377260.0995688,883,anchor_data,23.764,True,0,tl_state
1776377260.1469946,884,anchor_data,21.053,True,0,metrics
1776377260.1732273,884,anchor_data,26.143,True,0,tl_state
1776377260.2205732,885,anchor_data,19.577,True,0,metrics
1776377260.2413402,885,anchor_data,20.679,True,0,tl_state
1776377260.2606795,885,anchor_batch,19.252,True,52,vehicles
1776377260.3195896,886,anchor_data,23.802,True,0,metrics
1776377260.340205,886,anchor_data,20.508,True,0,tl_state
1776377260.386666,887,anchor_data,22.217,True,0,metrics
1776377260.4083178,887,anchor_data,21.555,True,0,tl_state
1776377260.4553895,888,anchor_data,20.608,True,0,metrics
1776377260.4754753,888,anchor_data,19.99,True,0,tl_state
1776377260.522154,889,anchor_data,20.159,True,0,metrics
1776377260.540979,889,anchor_data,18.741,True,0,tl_state
1776377260.5870075,890,anchor_data,22.711,True,0,metrics
1776377260.6068363,890,anchor_data,19.734,True,0,tl_state
1776377260.6258607,890,anchor_batch,18.923,True,49,vehicles
1776377260.6761158,891,anchor_data,21.009,True,0,metrics
1776377260.6968322,891,anchor_data,20.635,True,0,tl_state
1776377260.7408965,892,anchor_data,19.657,True,0,metrics
1776377260.7602568,892,anchor_data,19.284,True,0,tl_state
1776377260.8048973,893,anchor_data,21.138,True,0,metrics
1776377260.825709,893,anchor_data,20.725,True,0,tl_state
1776377260.872092,894,anchor_data,19.632,True,0,metrics
1776377260.8907995,894,anchor_data,18.568,True,0,tl_state
1776377260.9356074,895,anchor_data,21.533,True,0,metrics
1776377260.955736,895,anchor_data,20.032,True,0,tl_state
1776377260.9744935,895,anchor_batch,18.669,True,50,vehicles
1776377261.021893,896,anchor_data,21.267,True,0,metrics
1776377261.0418656,896,anchor_data,19.844,True,0,tl_state
1776377261.0867262,897,anchor_data,19.129,True,0,metrics
1776377261.1029239,897,anchor_data,16.11,True,0,tl_state
1776377261.1507607,898,anchor_data,22.047,True,0,metrics
1776377261.1727486,898,anchor_data,21.801,True,0,tl_state
1776377261.2224066,899,anchor_data,23.998,True,0,metrics
1776377261.2417424,899,anchor_data,19.244,True,0,tl_state
1776377261.2889724,900,anchor_data,19.753,True,0,metrics
1776377261.3079257,900,anchor_data,18.84,True,0,tl_state
1776377261.327155,900,anchor_batch,19.136,True,51,vehicles
1776377261.4004297,901,anchor_data,29.061,True,0,metrics
1776377261.4272857,901,anchor_data,26.739,True,0,tl_state
1776377261.4779363,902,anchor_data,22.024,True,0,metrics
1776377261.4987922,902,anchor_data,20.719,True,0,tl_state
1776377261.5446227,903,anchor_data,20.215,True,0,metrics
1776377261.5631263,903,anchor_data,18.42,True,0,tl_state
1776377261.6073227,904,anchor_data,19.976,True,0,metrics
1776377261.6286817,904,anchor_data,21.271,True,0,tl_state
1776377261.678416,905,anchor_data,20.112,True,0,metrics
1776377261.7017422,905,anchor_data,23.242,True,0,tl_state
1776377261.721341,905,anchor_batch,19.465,True,52,vehicles
1776377261.771983,906,anchor_data,22.812,True,0,metrics
1776377261.7909098,906,anchor_data,18.738,True,0,tl_state
1776377261.8385158,907,anchor_data,20.373,True,0,metrics
1776377261.856698,907,anchor_data,18.097,True,0,tl_state
1776377261.912306,908,anchor_data,21.466,True,0,metrics
1776377261.933714,908,anchor_data,21.316,True,0,tl_state
1776377261.9813313,909,anchor_data,21.016,True,0,metrics
1776377262.0032256,909,anchor_data,21.814,True,0,tl_state
1776377262.0537517,910,anchor_data,24.039,True,0,metrics
1776377262.0770679,910,anchor_data,23.225,True,0,tl_state
1776377262.0967832,910,anchor_batch,19.627,True,53,vehicles
1776377262.1466565,911,anchor_data,19.533,True,0,metrics
1776377262.1708355,911,anchor_data,24.078,True,0,tl_state
1776377262.219432,912,anchor_data,22.725,True,0,metrics
1776377262.238518,912,anchor_data,18.939,True,0,tl_state
1776377262.2850068,913,anchor_data,21.52,True,0,metrics
1776377262.305432,913,anchor_data,20.25,True,0,tl_state
1776377262.3541706,914,anchor_data,23.168,True,0,metrics
1776377262.3730412,914,anchor_data,18.786,True,0,tl_state
1776377262.4202862,915,anchor_data,22.08,True,0,metrics
1776377262.4380722,915,anchor_data,17.693,True,0,tl_state
1776377262.4593267,915,anchor_batch,21.163,True,53,vehicles
1776377262.5101461,916,anchor_data,21.169,True,0,metrics
1776377262.5301366,916,anchor_data,19.906,True,0,tl_state
1776377262.577441,917,anchor_data,19.034,True,0,metrics
1776377262.5976672,917,anchor_data,20.146,True,0,tl_state
1776377262.644428,918,anchor_data,20.845,True,0,metrics
1776377262.6646335,918,anchor_data,20.115,True,0,tl_state
1776377262.7114265,919,anchor_data,20.394,True,0,metrics
1776377262.7306483,919,anchor_data,19.14,True,0,tl_state
1776377262.7770286,920,anchor_data,19.359,True,0,metrics
1776377262.7964802,920,anchor_data,19.293,True,0,tl_state
1776377262.8145294,920,anchor_batch,17.964,True,55,vehicles
1776377262.864356,921,anchor_data,20.396,True,0,metrics
1776377262.8846507,921,anchor_data,20.208,True,0,tl_state
1776377262.9303784,922,anchor_data,20.501,True,0,metrics
1776377262.954741,922,anchor_data,24.275,True,0,tl_state
1776377263.0069592,923,anchor_data,21.423,True,0,metrics
1776377263.0262532,923,anchor_data,19.142,True,0,tl_state
1776377263.076019,924,anchor_data,20.085,True,0,metrics
1776377263.0929437,924,anchor_data,16.838,True,0,tl_state
1776377263.144519,925,anchor_data,21.305,True,0,metrics
1776377263.1637666,925,anchor_data,19.161,True,0,tl_state
1776377263.1844032,925,anchor_batch,20.54,True,58,vehicles
1776377263.2394753,926,anchor_data,19.183,True,0,metrics
1776377263.2585673,926,anchor_data,19.009,True,0,tl_state
1776377263.3070946,927,anchor_data,21.214,True,0,metrics
1776377263.3256686,927,anchor_data,18.48,True,0,tl_state
1776377263.3756127,928,anchor_data,21.346,True,0,metrics
1776377263.3936043,928,anchor_data,17.908,True,0,tl_state
1776377263.4416385,929,anchor_data,20.638,True,0,metrics
1776377263.4610705,929,anchor_data,19.35,True,0,tl_state
1776377263.5405715,930,anchor_data,48.106,True,0,metrics
1776377263.5625358,930,anchor_data,21.869,True,0,tl_state
1776377263.5854597,930,anchor_batch,22.827,True,56,vehicles
1776377263.6382124,931,anchor_data,20.385,True,0,metrics
1776377263.6545107,931,anchor_data,16.218,True,0,tl_state
1776377263.7014365,932,anchor_data,20.869,True,0,metrics
1776377263.7202392,932,anchor_data,18.664,True,0,tl_state
1776377263.7685876,933,anchor_data,22.109,True,0,metrics
1776377263.7885501,933,anchor_data,19.824,True,0,tl_state
1776377263.831521,934,anchor_data,20.37,True,0,metrics
1776377263.8555796,934,anchor_data,23.952,True,0,tl_state
1776377263.9037287,935,anchor_data,21.895,True,0,metrics
1776377263.9221075,935,anchor_data,18.29,True,0,tl_state
1776377263.941818,935,anchor_batch,19.63,True,52,vehicles
1776377263.992741,936,anchor_data,21.2,True,0,metrics
1776377264.013191,936,anchor_data,20.363,True,0,tl_state
1776377264.0583477,937,anchor_data,20.079,True,0,metrics
1776377264.0774233,937,anchor_data,18.989,True,0,tl_state
1776377264.1318564,938,anchor_data,22.62,True,0,metrics
1776377264.1589346,938,anchor_data,26.976,True,0,tl_state
1776377264.2081795,939,anchor_data,20.203,True,0,metrics
1776377264.2276864,939,anchor_data,19.426,True,0,tl_state
1776377264.2766032,940,anchor_data,20.886,True,0,metrics
1776377264.2970285,940,anchor_data,20.343,True,0,tl_state
1776377264.3196652,940,anchor_batch,22.548,True,52,vehicles
1776377264.370465,941,anchor_data,22.748,True,0,metrics
1776377264.387535,941,anchor_data,16.979,True,0,tl_state
1776377264.4333918,942,anchor_data,21.247,True,0,metrics
1776377264.45374,942,anchor_data,20.238,True,0,tl_state
1776377264.5058382,943,anchor_data,25.86,True,0,metrics
1776377264.5251555,943,anchor_data,19.206,True,0,tl_state
1776377264.571433,944,anchor_data,19.816,True,0,metrics
1776377264.5899956,944,anchor_data,18.453,True,0,tl_state
1776377264.6392734,945,anchor_data,20.33,True,0,metrics
1776377264.658976,945,anchor_data,19.622,True,0,tl_state
1776377264.680014,945,anchor_batch,20.948,True,54,vehicles
1776377264.7373254,946,anchor_data,22.912,True,0,metrics
1776377264.7553165,946,anchor_data,17.841,True,0,tl_state
1776377264.8030474,947,anchor_data,21.483,True,0,metrics
1776377264.8230062,947,anchor_data,19.873,True,0,tl_state
1776377264.8695593,948,anchor_data,21.97,True,0,metrics
1776377264.887114,948,anchor_data,17.464,True,0,tl_state
1776377264.936125,949,anchor_data,22.964,True,0,metrics
1776377264.956696,949,anchor_data,20.47,True,0,tl_state
1776377265.0047584,950,anchor_data,22.414,True,0,metrics
1776377265.0244484,950,anchor_data,19.6,True,0,tl_state
1776377265.0432942,950,anchor_batch,18.723,True,55,vehicles
1776377265.1079628,951,anchor_data,28.324,True,0,metrics
1776377265.1277552,951,anchor_data,19.654,True,0,tl_state
1776377265.1767418,952,anchor_data,20.213,True,0,metrics
1776377265.202467,952,anchor_data,25.636,True,0,tl_state
1776377265.2495396,953,anchor_data,20.377,True,0,metrics
1776377265.2696843,953,anchor_data,19.891,True,0,tl_state
1776377265.3154445,954,anchor_data,20.376,True,0,metrics
1776377265.3367336,954,anchor_data,21.009,True,0,tl_state
1776377265.3848507,955,anchor_data,21.326,True,0,metrics
1776377265.405978,955,anchor_data,20.958,True,0,tl_state
1776377265.4240534,955,anchor_batch,17.994,True,54,vehicles
1776377265.4740636,956,anchor_data,20.545,True,0,metrics
1776377265.4930038,956,anchor_data,18.836,True,0,tl_state
1776377265.5436451,957,anchor_data,21.149,True,0,metrics
1776377265.5615063,957,anchor_data,17.783,True,0,tl_state
1776377265.6417978,958,anchor_data,46.576,True,0,metrics
1776377265.6649373,958,anchor_data,23.052,True,0,tl_state
1776377265.7142599,959,anchor_data,21.462,True,0,metrics
1776377265.7339067,959,anchor_data,19.547,True,0,tl_state
1776377265.7810154,960,anchor_data,19.721,True,0,metrics
1776377265.8020716,960,anchor_data,20.973,True,0,tl_state
1776377265.8195732,960,anchor_batch,17.405,True,51,vehicles
1776377265.8700492,961,anchor_data,22.672,True,0,metrics
1776377265.8910816,961,anchor_data,20.933,True,0,tl_state
1776377265.9372458,962,anchor_data,18.733,True,0,metrics
1776377265.9564433,962,anchor_data,19.077,True,0,tl_state
1776377266.0081754,963,anchor_data,24.332,True,0,metrics
1776377266.0279593,963,anchor_data,19.64,True,0,tl_state
1776377266.0724077,964,anchor_data,18.368,True,0,metrics
1776377266.0904698,964,anchor_data,17.976,True,0,tl_state
1776377266.1373956,965,anchor_data,21.955,True,0,metrics
1776377266.1581008,965,anchor_data,20.521,True,0,tl_state
1776377266.1774945,965,anchor_batch,19.303,True,53,vehicles
1776377266.2255862,966,anchor_data,19.348,True,0,metrics
1776377266.2451131,966,anchor_data,19.443,True,0,tl_state
1776377266.2934027,967,anchor_data,19.077,True,0,metrics
1776377266.3153825,967,anchor_data,21.886,True,0,tl_state
1776377266.3649113,968,anchor_data,20.495,True,0,metrics
1776377266.3870554,968,anchor_data,22.061,True,0,tl_state
1776377266.4372892,969,anchor_data,21.007,True,0,metrics
1776377266.4574533,969,anchor_data,20.079,True,0,tl_state
1776377266.5068724,970,anchor_data,21.571,True,0,metrics
1776377266.5265098,970,anchor_data,19.556,True,0,tl_state
1776377266.5456169,970,anchor_batch,19.022,True,54,vehicles
1776377266.59334,971,anchor_data,19.979,True,0,metrics
1776377266.6121976,971,anchor_data,18.774,True,0,tl_state
1776377266.6591287,972,anchor_data,19.349,True,0,metrics
1776377266.678532,972,anchor_data,19.319,True,0,tl_state
1776377266.724284,973,anchor_data,19.351,True,0,metrics
1776377266.7429223,973,anchor_data,18.555,True,0,tl_state
1776377266.7878335,974,anchor_data,18.434,True,0,metrics
1776377266.8057063,974,anchor_data,17.791,True,0,tl_state
1776377266.8527105,975,anchor_data,20.398,True,0,metrics
1776377266.8722517,975,anchor_data,19.456,True,0,tl_state
1776377266.890621,975,anchor_batch,18.283,True,55,vehicles
1776377266.937117,976,anchor_data,18.226,True,0,metrics
1776377266.955829,976,anchor_data,18.609,True,0,tl_state
1776377267.00178,977,anchor_data,20.5,True,0,metrics
1776377267.0206904,977,anchor_data,18.828,True,0,tl_state
1776377267.0685394,978,anchor_data,21.818,True,0,metrics
1776377267.0891757,978,anchor_data,20.539,True,0,tl_state
1776377267.1354234,979,anchor_data,19.923,True,0,metrics
1776377267.153688,979,anchor_data,18.16,True,0,tl_state
1776377267.1987681,980,anchor_data,19.668,True,0,metrics
1776377267.2186306,980,anchor_data,19.757,True,0,tl_state
1776377267.2380812,980,anchor_batch,19.362,True,52,vehicles
1776377267.284651,981,anchor_data,21.067,True,0,metrics
1776377267.304789,981,anchor_data,20.026,True,0,tl_state
1776377267.3467903,982,anchor_data,19.656,True,0,metrics
1776377267.366488,982,anchor_data,19.594,True,0,tl_state
1776377267.4083762,983,anchor_data,19.358,True,0,metrics
1776377267.42678,983,anchor_data,18.319,True,0,tl_state
1776377267.471613,984,anchor_data,21.562,True,0,metrics
1776377267.4912148,984,anchor_data,19.493,True,0,tl_state
1776377267.5377548,985,anchor_data,21.777,True,0,metrics
1776377267.55551,985,anchor_data,17.668,True,0,tl_state
1776377267.5761476,985,anchor_batch,20.534,True,47,vehicles
1776377267.6190681,986,anchor_data,19.983,True,0,metrics
1776377267.6370623,986,anchor_data,17.9,True,0,tl_state
1776377267.680085,987,anchor_data,19.798,True,0,metrics
1776377267.6995664,987,anchor_data,19.39,True,0,tl_state
1776377267.7552986,988,anchor_data,31.446,True,0,metrics
1776377267.7807534,988,anchor_data,25.354,True,0,tl_state
1776377267.826043,989,anchor_data,18.758,True,0,metrics
1776377267.8445506,989,anchor_data,18.427,True,0,tl_state
1776377267.8849432,990,anchor_data,18.6,True,0,metrics
1776377267.9027512,990,anchor_data,17.691,True,0,tl_state
1776377267.9216015,990,anchor_batch,18.774,True,46,vehicles
1776377267.9674432,991,anchor_data,21.55,True,0,metrics
1776377267.988216,991,anchor_data,20.605,True,0,tl_state
1776377268.0350025,992,anchor_data,25.262,True,0,metrics
1776377268.055409,992,anchor_data,20.314,True,0,tl_state
1776377268.0972252,993,anchor_data,19.998,True,0,metrics
1776377268.1157513,993,anchor_data,18.434,True,0,tl_state
1776377268.1606593,994,anchor_data,20.216,True,0,metrics
1776377268.1807587,994,anchor_data,20.02,True,0,tl_state
1776377268.221601,995,anchor_data,18.526,True,0,metrics
1776377268.2395473,995,anchor_data,17.862,True,0,tl_state
1776377268.2594438,995,anchor_batch,19.808,True,46,vehicles
1776377268.3061414,996,anchor_data,19.895,True,0,metrics
1776377268.3241992,996,anchor_data,17.976,True,0,tl_state
1776377268.3680778,997,anchor_data,21.986,True,0,metrics
1776377268.388295,997,anchor_data,20.117,True,0,tl_state
1776377268.4330125,998,anchor_data,21.566,True,0,metrics
1776377268.4524212,998,anchor_data,19.229,True,0,tl_state
1776377268.4957404,999,anchor_data,20.418,True,0,metrics
1776377268.5149257,999,anchor_data,19.104,True,0,tl_state
1776377268.5639994,1000,anchor_data,20.937,True,0,metrics
1776377268.5857344,1000,anchor_data,21.641,True,0,tl_state
1776377268.6067727,1000,anchor_batch,20.952,True,46,vehicles
1776377268.662886,1001,anchor_data,22.036,True,0,metrics
1776377268.6872673,1001,anchor_data,24.299,True,0,tl_state
1776377268.7316062,1002,anchor_data,20.128,True,0,metrics
1776377268.757976,1002,anchor_data,26.254,True,0,tl_state
1776377268.8011396,1003,anchor_data,19.897,True,0,metrics
1776377268.8195195,1003,anchor_data,18.271,True,0,tl_state
1776377268.8643095,1004,anchor_data,19.603,True,0,metrics
1776377268.8836415,1004,anchor_data,19.237,True,0,tl_state
1776377268.927134,1005,anchor_data,19.934,True,0,metrics
1776377268.9456062,1005,anchor_data,18.391,True,0,tl_state
1776377268.965215,1005,anchor_batch,19.532,True,48,vehicles
1776377269.0117486,1006,anchor_data,19.796,True,0,metrics
1776377269.0305765,1006,anchor_data,18.746,True,0,tl_state
1776377269.0746799,1007,anchor_data,19.636,True,0,metrics
1776377269.0942345,1007,anchor_data,19.465,True,0,tl_state
1776377269.1392903,1008,anchor_data,20.162,True,0,metrics
1776377269.1585402,1008,anchor_data,19.152,True,0,tl_state
1776377269.2060342,1009,anchor_data,20.034,True,0,metrics
1776377269.226761,1009,anchor_data,20.638,True,0,tl_state
1776377269.273788,1010,anchor_data,20.207,True,0,metrics
1776377269.2918086,1010,anchor_data,17.936,True,0,tl_state
1776377269.3111107,1010,anchor_batch,19.208,True,47,vehicles
1776377269.3668153,1011,anchor_data,20.966,True,0,metrics
1776377269.3876555,1011,anchor_data,20.657,True,0,tl_state
1776377269.43077,1012,anchor_data,20.415,True,0,metrics
1776377269.4510496,1012,anchor_data,20.195,True,0,tl_state
1776377269.4965966,1013,anchor_data,21.227,True,0,metrics
1776377269.5171995,1013,anchor_data,20.49,True,0,tl_state
1776377269.5622144,1014,anchor_data,20.092,True,0,metrics
1776377269.5830653,1014,anchor_data,20.771,True,0,tl_state
1776377269.6281197,1015,anchor_data,19.777,True,0,metrics
1776377269.6474311,1015,anchor_data,19.199,True,0,tl_state
1776377269.6680279,1015,anchor_batch,20.52,True,50,vehicles
1776377269.7185588,1016,anchor_data,22.666,True,0,metrics
1776377269.7375414,1016,anchor_data,18.854,True,0,tl_state
1776377269.7990212,1017,anchor_data,38.502,True,0,metrics
1776377269.8270783,1017,anchor_data,27.952,True,0,tl_state
1776377269.8787367,1018,anchor_data,19.724,True,0,metrics
1776377269.8982537,1018,anchor_data,19.425,True,0,tl_state
1776377269.9425356,1019,anchor_data,18.971,True,0,metrics
1776377269.9608483,1019,anchor_data,18.224,True,0,tl_state
1776377270.0053437,1020,anchor_data,20.025,True,0,metrics
1776377270.0228093,1020,anchor_data,17.383,True,0,tl_state
1776377270.0439045,1020,anchor_batch,21.006,True,51,vehicles
1776377270.0951865,1021,anchor_data,20.085,True,0,metrics
1776377270.114126,1021,anchor_data,18.848,True,0,tl_state
1776377270.1603084,1022,anchor_data,19.506,True,0,metrics
1776377270.178797,1022,anchor_data,18.405,True,0,tl_state
1776377270.222524,1023,anchor_data,18.454,True,0,metrics
1776377270.2419386,1023,anchor_data,19.296,True,0,tl_state
1776377270.2878716,1024,anchor_data,19.682,True,0,metrics
1776377270.3060958,1024,anchor_data,18.139,True,0,tl_state
1776377270.3515303,1025,anchor_data,20.339,True,0,metrics
1776377270.3694873,1025,anchor_data,17.845,True,0,tl_state
1776377270.3910668,1025,anchor_batch,21.485,True,50,vehicles
1776377270.439162,1026,anchor_data,20.279,True,0,metrics
1776377270.4553254,1026,anchor_data,16.037,True,0,tl_state
1776377270.5002704,1027,anchor_data,20.824,True,0,metrics
1776377270.5209384,1027,anchor_data,20.559,True,0,tl_state
1776377270.5629268,1028,anchor_data,18.673,True,0,metrics
1776377270.5807831,1028,anchor_data,17.778,True,0,tl_state
1776377270.6266024,1029,anchor_data,23.113,True,0,metrics
1776377270.6534877,1029,anchor_data,26.788,True,0,tl_state
1776377270.6981459,1030,anchor_data,20.175,True,0,metrics
1776377270.7371826,1030,anchor_data,38.935,True,0,tl_state
1776377270.7551417,1030,anchor_batch,17.799,True,47,vehicles
1776377270.8004751,1031,anchor_data,21.887,True,0,metrics
1776377270.8198314,1031,anchor_data,19.211,True,0,tl_state
1776377270.863914,1032,anchor_data,21.653,True,0,metrics
1776377270.8846223,1032,anchor_data,20.61,True,0,tl_state
1776377270.934088,1033,anchor_data,23.196,True,0,metrics
1776377270.9542859,1033,anchor_data,20.085,True,0,tl_state
1776377270.997927,1034,anchor_data,21.768,True,0,metrics
1776377271.016768,1034,anchor_data,18.747,True,0,tl_state
1776377271.0618608,1035,anchor_data,21.738,True,0,metrics
1776377271.08238,1035,anchor_data,20.38,True,0,tl_state
1776377271.1032877,1035,anchor_batch,20.667,True,47,vehicles
1776377271.152713,1036,anchor_data,22.593,True,0,metrics
1776377271.1726835,1036,anchor_data,19.875,True,0,tl_state
1776377271.2179706,1037,anchor_data,21.217,True,0,metrics
1776377271.2385914,1037,anchor_data,20.525,True,0,tl_state
1776377271.2865226,1038,anchor_data,22.165,True,0,metrics
1776377271.3055117,1038,anchor_data,18.831,True,0,tl_state
1776377271.3487005,1039,anchor_data,19.903,True,0,metrics
1776377271.367887,1039,anchor_data,19.079,True,0,tl_state
1776377271.4091282,1040,anchor_data,19.166,True,0,metrics
1776377271.4272335,1040,anchor_data,18.011,True,0,tl_state
1776377271.4472606,1040,anchor_batch,19.94,True,46,vehicles
1776377271.496005,1041,anchor_data,20.751,True,0,metrics
1776377271.5193918,1041,anchor_data,23.298,True,0,tl_state
1776377271.5635006,1042,anchor_data,21.03,True,0,metrics
1776377271.5837946,1042,anchor_data,20.199,True,0,tl_state
1776377271.6263318,1043,anchor_data,20.019,True,0,metrics
1776377271.6438472,1043,anchor_data,17.39,True,0,tl_state
1776377271.689802,1044,anchor_data,20.896,True,0,metrics
1776377271.7078528,1044,anchor_data,17.973,True,0,tl_state
1776377271.7549632,1045,anchor_data,23.206,True,0,metrics
1776377271.773501,1045,anchor_data,18.444,True,0,tl_state
1776377271.7944067,1045,anchor_batch,20.811,True,47,vehicles
1776377271.842326,1046,anchor_data,20.88,True,0,metrics
1776377271.8607538,1046,anchor_data,18.328,True,0,tl_state
1776377271.905699,1047,anchor_data,20.205,True,0,metrics
1776377271.9253857,1047,anchor_data,19.594,True,0,tl_state
1776377271.9843605,1048,anchor_data,35.563,True,0,metrics
1776377272.0208297,1048,anchor_data,36.357,True,0,tl_state
1776377272.0747788,1049,anchor_data,20.657,True,0,metrics
1776377272.0933163,1049,anchor_data,18.456,True,0,tl_state
1776377272.139891,1050,anchor_data,19.556,True,0,metrics
1776377272.1569576,1050,anchor_data,16.986,True,0,tl_state
1776377272.1767042,1050,anchor_batch,19.639,True,46,vehicles
1776377272.2245524,1051,anchor_data,20.714,True,0,metrics
1776377272.2466516,1051,anchor_data,22.009,True,0,tl_state
1776377272.2951515,1052,anchor_data,20.929,True,0,metrics
1776377272.3147352,1052,anchor_data,19.478,True,0,tl_state
1776377272.3570566,1053,anchor_data,19.193,True,0,metrics
1776377272.3768752,1053,anchor_data,19.734,True,0,tl_state
1776377272.4208722,1054,anchor_data,20.894,True,0,metrics
1776377272.4428177,1054,anchor_data,21.779,True,0,tl_state
1776377272.4867048,1055,anchor_data,21.371,True,0,metrics
1776377272.5065756,1055,anchor_data,19.78,True,0,tl_state
1776377272.5268774,1055,anchor_batch,20.2,True,43,vehicles
1776377272.5722172,1056,anchor_data,20.38,True,0,metrics
1776377272.5916386,1056,anchor_data,19.309,True,0,tl_state
1776377272.6327422,1057,anchor_data,20.848,True,0,metrics
1776377272.6527529,1057,anchor_data,19.895,True,0,tl_state
1776377272.6935425,1058,anchor_data,19.871,True,0,metrics
1776377272.7116697,1058,anchor_data,18.041,True,0,tl_state
1776377272.7557225,1059,anchor_data,20.639,True,0,metrics
1776377272.7749999,1059,anchor_data,18.959,True,0,tl_state
1776377272.8211591,1060,anchor_data,23.381,True,0,metrics
1776377272.839366,1060,anchor_data,18.109,True,0,tl_state
1776377272.8603437,1060,anchor_batch,20.881,True,44,vehicles
1776377272.9066815,1061,anchor_data,20.131,True,0,metrics
1776377272.9239423,1061,anchor_data,17.179,True,0,tl_state
1776377272.970427,1062,anchor_data,21.638,True,0,metrics
1776377272.9887695,1062,anchor_data,18.257,True,0,tl_state
1776377273.0369136,1063,anchor_data,22.521,True,0,metrics
1776377273.0591896,1063,anchor_data,22.195,True,0,tl_state
1776377273.10743,1064,anchor_data,20.477,True,0,metrics
1776377273.1263502,1064,anchor_data,18.838,True,0,tl_state
1776377273.178625,1065,anchor_data,22.024,True,0,metrics
1776377273.1981559,1065,anchor_data,19.449,True,0,tl_state
1776377273.2213254,1065,anchor_batch,22.848,True,49,vehicles
1776377273.2726698,1066,anchor_data,22.812,True,0,metrics
1776377273.2910104,1066,anchor_data,18.254,True,0,tl_state
1776377273.3342733,1067,anchor_data,20.571,True,0,metrics
1776377273.3543053,1067,anchor_data,19.899,True,0,tl_state
1776377273.3980691,1068,anchor_data,20.418,True,0,metrics
1776377273.419598,1068,anchor_data,21.427,True,0,tl_state
1776377273.4661272,1069,anchor_data,22.385,True,0,metrics
1776377273.4891882,1069,anchor_data,22.863,True,0,tl_state
1776377273.5347102,1070,anchor_data,21.483,True,0,metrics
1776377273.5549266,1070,anchor_data,20.043,True,0,tl_state
1776377273.5777557,1070,anchor_batch,22.736,True,49,vehicles
1776377273.622406,1071,anchor_data,17.881,True,0,metrics
1776377273.640533,1071,anchor_data,18.042,True,0,tl_state
1776377273.6861532,1072,anchor_data,22.135,True,0,metrics
1776377273.705742,1072,anchor_data,19.509,True,0,tl_state
1776377273.7570903,1073,anchor_data,21.243,True,0,metrics
1776377273.7776942,1073,anchor_data,20.519,True,0,tl_state
1776377273.826495,1074,anchor_data,22.918,True,0,metrics
1776377273.856741,1074,anchor_data,30.149,True,0,tl_state
1776377273.9031868,1075,anchor_data,22.508,True,0,metrics
1776377273.9237401,1075,anchor_data,20.452,True,0,tl_state
1776377273.941365,1075,anchor_batch,17.544,True,46,vehicles
1776377274.0094516,1076,anchor_data,42.527,True,0,metrics
1776377274.0354657,1076,anchor_data,25.914,True,0,tl_state
1776377274.0859876,1077,anchor_data,20.911,True,0,metrics
1776377274.1030297,1077,anchor_data,16.935,True,0,tl_state
1776377274.1441028,1078,anchor_data,19.544,True,0,metrics
1776377274.1628132,1078,anchor_data,18.585,True,0,tl_state
1776377274.208115,1079,anchor_data,18.447,True,0,metrics
1776377274.2255638,1079,anchor_data,17.373,True,0,tl_state
1776377274.2690227,1080,anchor_data,21.235,True,0,metrics
1776377274.2882469,1080,anchor_data,19.136,True,0,tl_state
1776377274.3068268,1080,anchor_batch,18.436,True,45,vehicles
1776377274.3517044,1081,anchor_data,21.326,True,0,metrics
1776377274.3692696,1081,anchor_data,17.463,True,0,tl_state
1776377274.4102244,1082,anchor_data,18.943,True,0,metrics
1776377274.4287658,1082,anchor_data,18.444,True,0,tl_state
1776377274.471099,1083,anchor_data,20.529,True,0,metrics
1776377274.4916484,1083,anchor_data,20.458,True,0,tl_state
1776377274.5374768,1084,anchor_data,23.034,True,0,metrics
1776377274.558615,1084,anchor_data,20.865,True,0,tl_state
1776377274.6051042,1085,anchor_data,20.52,True,0,metrics
1776377274.6246781,1085,anchor_data,19.493,True,0,tl_state
1776377274.6434374,1085,anchor_batch,18.55,True,46,vehicles
1776377274.6907449,1086,anchor_data,20.556,True,0,metrics
1776377274.7120981,1086,anchor_data,21.254,True,0,tl_state
1776377274.7549853,1087,anchor_data,18.768,True,0,metrics
1776377274.77435,1087,anchor_data,19.279,True,0,tl_state
1776377274.8178225,1088,anchor_data,20.169,True,0,metrics
1776377274.8369803,1088,anchor_data,19.052,True,0,tl_state
1776377274.8791525,1089,anchor_data,20.147,True,0,metrics
1776377274.8972926,1089,anchor_data,18.008,True,0,tl_state
1776377274.9398685,1090,anchor_data,17.776,True,0,metrics
1776377274.9610019,1090,anchor_data,21.035,True,0,tl_state
1776377274.9783876,1090,anchor_batch,17.305,True,45,vehicles
1776377275.0235384,1091,anchor_data,20.458,True,0,metrics
1776377275.0430143,1091,anchor_data,19.393,True,0,tl_state
1776377275.0873647,1092,anchor_data,18.571,True,0,metrics
1776377275.1064978,1092,anchor_data,19.027,True,0,tl_state
1776377275.1499813,1093,anchor_data,20.557,True,0,metrics
1776377275.1702528,1093,anchor_data,20.181,True,0,tl_state
1776377275.2113745,1094,anchor_data,19.153,True,0,metrics
1776377275.2309039,1094,anchor_data,19.395,True,0,tl_state
1776377275.273199,1095,anchor_data,18.563,True,0,metrics
1776377275.2925158,1095,anchor_data,19.23,True,0,tl_state
1776377275.3102953,1095,anchor_batch,17.679,True,45,vehicles
1776377275.3561692,1096,anchor_data,20.965,True,0,metrics
1776377275.375726,1096,anchor_data,19.466,True,0,tl_state
1776377275.4218972,1097,anchor_data,20.555,True,0,metrics
1776377275.4423027,1097,anchor_data,20.325,True,0,tl_state
1776377275.4841115,1098,anchor_data,22.566,True,0,metrics
1776377275.50387,1098,anchor_data,19.638,True,0,tl_state
1776377275.5459294,1099,anchor_data,20.436,True,0,metrics
1776377275.5645916,1099,anchor_data,18.58,True,0,tl_state
1776377275.606724,1100,anchor_data,20.234,True,0,metrics
1776377275.6244593,1100,anchor_data,17.646,True,0,tl_state
1776377275.638887,1100,anchor_batch,14.353,True,44,vehicles
1776377275.6865304,1101,anchor_data,21.696,True,0,metrics
1776377275.710413,1101,anchor_data,23.603,True,0,tl_state
1776377275.752802,1102,anchor_data,21.335,True,0,metrics
1776377275.7713125,1102,anchor_data,18.423,True,0,tl_state
1776377275.810274,1103,anchor_data,18.63,True,0,metrics
1776377275.8293595,1103,anchor_data,19.0,True,0,tl_state
1776377275.8692815,1104,anchor_data,19.213,True,0,metrics
1776377275.8875892,1104,anchor_data,18.224,True,0,tl_state
1776377275.9327052,1105,anchor_data,18.566,True,0,metrics
1776377275.9514594,1105,anchor_data,18.658,True,0,tl_state
1776377275.9672153,1105,anchor_batch,15.673,True,46,vehicles
1776377276.041819,1106,anchor_data,46.093,True,0,metrics
1776377276.0725832,1106,anchor_data,30.67,True,0,tl_state
1776377276.11867,1107,anchor_data,20.624,True,0,metrics
1776377276.137035,1107,anchor_data,18.217,True,0,tl_state
1776377276.1813452,1108,anchor_data,20.628,True,0,metrics
1776377276.2019722,1108,anchor_data,20.518,True,0,tl_state
1776377276.2453034,1109,anchor_data,20.431,True,0,metrics
1776377276.2658036,1109,anchor_data,20.412,True,0,tl_state
1776377276.313681,1110,anchor_data,20.472,True,0,metrics
1776377276.333473,1110,anchor_data,19.692,True,0,tl_state
1776377276.3521261,1110,anchor_batch,18.562,True,47,vehicles
1776377276.3994668,1111,anchor_data,21.132,True,0,metrics
1776377276.4195178,1111,anchor_data,19.903,True,0,tl_state
1776377276.463145,1112,anchor_data,21.093,True,0,metrics
1776377276.4836652,1112,anchor_data,20.43,True,0,tl_state
1776377276.5248141,1113,anchor_data,18.816,True,0,metrics
1776377276.544373,1113,anchor_data,19.475,True,0,tl_state
1776377276.5883954,1114,anchor_data,19.124,True,0,metrics
1776377276.6077497,1114,anchor_data,19.242,True,0,tl_state
1776377276.6489239,1115,anchor_data,18.856,True,0,metrics
1776377276.6680799,1115,anchor_data,19.061,True,0,tl_state
1776377276.6855333,1115,anchor_batch,17.315,True,47,vehicles
1776377276.7327547,1116,anchor_data,22.155,True,0,metrics
1776377276.7512014,1116,anchor_data,18.339,True,0,tl_state
1776377276.7931561,1117,anchor_data,19.489,True,0,metrics
1776377276.81322,1117,anchor_data,19.983,True,0,tl_state
1776377276.8561249,1118,anchor_data,18.201,True,0,metrics
1776377276.8749397,1118,anchor_data,18.732,True,0,tl_state
1776377276.9207714,1119,anchor_data,20.405,True,0,metrics
1776377276.940595,1119,anchor_data,19.735,True,0,tl_state
1776377276.9873638,1120,anchor_data,21.264,True,0,metrics
1776377277.0063415,1120,anchor_data,18.883,True,0,tl_state
1776377277.023179,1120,anchor_batch,16.766,True,49,vehicles
1776377277.068565,1121,anchor_data,18.983,True,0,metrics
1776377277.08688,1121,anchor_data,18.235,True,0,tl_state
1776377277.1307194,1122,anchor_data,19.69,True,0,metrics
1776377277.1503131,1122,anchor_data,19.499,True,0,tl_state
1776377277.1955574,1123,anchor_data,21.02,True,0,metrics
1776377277.214161,1123,anchor_data,18.515,True,0,tl_state
1776377277.2574372,1124,anchor_data,18.823,True,0,metrics
1776377277.2769458,1124,anchor_data,19.428,True,0,tl_state
1776377277.322802,1125,anchor_data,20.639,True,0,metrics
1776377277.3415127,1125,anchor_data,18.624,True,0,tl_state
1776377277.3570056,1125,anchor_batch,15.419,True,49,vehicles
1776377277.4015937,1126,anchor_data,17.646,True,0,metrics
1776377277.419167,1126,anchor_data,17.489,True,0,tl_state
1776377277.46239,1127,anchor_data,19.296,True,0,metrics
1776377277.4804878,1127,anchor_data,17.98,True,0,tl_state
1776377277.5230398,1128,anchor_data,18.728,True,0,metrics
1776377277.5439262,1128,anchor_data,20.774,True,0,tl_state
1776377277.5871568,1129,anchor_data,18.444,True,0,metrics
1776377277.6061437,1129,anchor_data,18.902,True,0,tl_state
1776377277.6552029,1130,anchor_data,19.662,True,0,metrics
1776377277.675317,1130,anchor_data,20.031,True,0,tl_state
1776377277.6943007,1130,anchor_batch,18.902,True,51,vehicles
1776377277.7400687,1131,anchor_data,19.179,True,0,metrics
1776377277.75892,1131,anchor_data,18.769,True,0,tl_state
1776377277.8019018,1132,anchor_data,17.987,True,0,metrics
1776377277.8196492,1132,anchor_data,17.668,True,0,tl_state
1776377277.8648574,1133,anchor_data,19.577,True,0,metrics
1776377277.8826203,1133,anchor_data,17.654,True,0,tl_state
1776377277.9236412,1134,anchor_data,18.13,True,0,metrics
1776377277.942145,1134,anchor_data,18.422,True,0,tl_state
1776377277.9890363,1135,anchor_data,19.502,True,0,metrics
1776377278.0067205,1135,anchor_data,17.603,True,0,tl_state
1776377278.0257165,1135,anchor_batch,18.893,True,52,vehicles
1776377278.0724127,1136,anchor_data,19.323,True,0,metrics
1776377278.0910037,1136,anchor_data,18.383,True,0,tl_state
1776377278.1354225,1137,anchor_data,19.419,True,0,metrics
1776377278.1542253,1137,anchor_data,18.718,True,0,tl_state
1776377278.1988938,1138,anchor_data,20.41,True,0,metrics
1776377278.2203062,1138,anchor_data,21.276,True,0,tl_state
1776377278.291151,1139,anchor_data,33.579,True,0,metrics
1776377278.3124552,1139,anchor_data,21.216,True,0,tl_state
1776377278.3634992,1140,anchor_data,22.611,True,0,metrics
1776377278.38112,1140,anchor_data,17.529,True,0,tl_state
1776377278.3978624,1140,anchor_batch,16.665,True,52,vehicles
1776377278.4489598,1141,anchor_data,21.131,True,0,metrics
1776377278.4679177,1141,anchor_data,18.855,True,0,tl_state
1776377278.511927,1142,anchor_data,19.488,True,0,metrics
1776377278.5295749,1142,anchor_data,17.561,True,0,tl_state
1776377278.5731466,1143,anchor_data,20.727,True,0,metrics
1776377278.5922534,1143,anchor_data,19.02,True,0,tl_state
1776377278.6352985,1144,anchor_data,17.871,True,0,metrics
1776377278.6528587,1144,anchor_data,17.431,True,0,tl_state
1776377278.6958606,1145,anchor_data,21.204,True,0,metrics
1776377278.7144837,1145,anchor_data,18.536,True,0,tl_state
1776377278.7303452,1145,anchor_batch,15.771,True,52,vehicles
1776377278.773955,1146,anchor_data,17.668,True,0,metrics
1776377278.7914321,1146,anchor_data,17.391,True,0,tl_state
1776377278.8357434,1147,anchor_data,19.621,True,0,metrics
1776377278.8543332,1147,anchor_data,18.507,True,0,tl_state
1776377278.9021301,1148,anchor_data,19.489,True,0,metrics
1776377278.9203997,1148,anchor_data,18.103,True,0,tl_state
1776377278.9660015,1149,anchor_data,21.546,True,0,metrics
1776377278.9839156,1149,anchor_data,17.825,True,0,tl_state
1776377279.0262527,1150,anchor_data,18.149,True,0,metrics
1776377279.0441148,1150,anchor_data,17.781,True,0,tl_state
1776377279.059425,1150,anchor_batch,15.237,True,51,vehicles
1776377279.1141794,1151,anchor_data,23.908,True,0,metrics
1776377279.1345794,1151,anchor_data,20.308,True,0,tl_state
1776377279.1814659,1152,anchor_data,20.61,True,0,metrics
1776377279.199991,1152,anchor_data,18.438,True,0,tl_state
1776377279.2441015,1153,anchor_data,19.154,True,0,metrics
1776377279.2629302,1153,anchor_data,18.748,True,0,tl_state
1776377279.3060787,1154,anchor_data,17.911,True,0,metrics
1776377279.324609,1154,anchor_data,18.451,True,0,tl_state
1776377279.3695593,1155,anchor_data,19.636,True,0,metrics
1776377279.3925078,1155,anchor_data,22.861,True,0,tl_state
1776377279.4126434,1155,anchor_batch,19.977,True,50,vehicles
1776377279.4572375,1156,anchor_data,17.654,True,0,metrics
1776377279.4754798,1156,anchor_data,18.146,True,0,tl_state
1776377279.5178487,1157,anchor_data,17.471,True,0,metrics
1776377279.5367582,1157,anchor_data,18.824,True,0,tl_state
1776377279.5805688,1158,anchor_data,20.52,True,0,metrics
1776377279.6029708,1158,anchor_data,22.31,True,0,tl_state
1776377279.6494124,1159,anchor_data,19.967,True,0,metrics
1776377279.6677299,1159,anchor_data,18.219,True,0,tl_state
1776377279.7122374,1160,anchor_data,19.816,True,0,metrics
1776377279.730872,1160,anchor_data,18.548,True,0,tl_state
1776377279.7514937,1160,anchor_batch,20.549,True,51,vehicles
1776377279.8039913,1161,anchor_data,19.427,True,0,metrics
1776377279.8224633,1161,anchor_data,18.374,True,0,tl_state
1776377279.8680885,1162,anchor_data,20.476,True,0,metrics
1776377279.8879607,1162,anchor_data,19.769,True,0,tl_state
1776377279.9364498,1163,anchor_data,19.238,True,0,metrics
1776377279.9562497,1163,anchor_data,19.713,True,0,tl_state
1776377280.0008688,1164,anchor_data,21.543,True,0,metrics
1776377280.0218878,1164,anchor_data,20.866,True,0,tl_state
1776377280.0657659,1165,anchor_data,19.257,True,0,metrics
1776377280.0856256,1165,anchor_data,19.771,True,0,tl_state
1776377280.103377,1165,anchor_batch,17.639,True,53,vehicles
1776377280.1514702,1166,anchor_data,20.74,True,0,metrics
1776377280.1697588,1166,anchor_data,18.191,True,0,tl_state
1776377280.213298,1167,anchor_data,21.098,True,0,metrics
1776377280.2312837,1167,anchor_data,17.897,True,0,tl_state
1776377280.2739737,1168,anchor_data,19.533,True,0,metrics
1776377280.2922173,1168,anchor_data,18.122,True,0,tl_state
1776377280.3352451,1169,anchor_data,17.835,True,0,metrics
1776377280.3532045,1169,anchor_data,17.878,True,0,tl_state
1776377280.4121342,1170,anchor_data,35.757,True,0,metrics
1776377280.440396,1170,anchor_data,28.133,True,0,tl_state
1776377280.4607081,1170,anchor_batch,20.234,True,51,vehicles
1776377280.5105925,1171,anchor_data,20.904,True,0,metrics
1776377280.530528,1171,anchor_data,19.84,True,0,tl_state
1776377280.5745254,1172,anchor_data,20.357,True,0,metrics
1776377280.5952117,1172,anchor_data,20.602,True,0,tl_state
1776377280.638476,1173,anchor_data,18.818,True,0,metrics
1776377280.6595755,1173,anchor_data,21.018,True,0,tl_state
1776377280.7020571,1174,anchor_data,19.141,True,0,metrics
1776377280.7218833,1174,anchor_data,19.739,True,0,tl_state
1776377280.7623944,1175,anchor_data,17.629,True,0,metrics
1776377280.782944,1175,anchor_data,20.464,True,0,tl_state
1776377280.7989414,1175,anchor_batch,15.9,True,49,vehicles
1776377280.8470542,1176,anchor_data,21.235,True,0,metrics
1776377280.8657537,1176,anchor_data,18.611,True,0,tl_state
1776377280.907494,1177,anchor_data,18.71,True,0,metrics
1776377280.9274986,1177,anchor_data,19.901,True,0,tl_state
1776377280.9728425,1178,anchor_data,20.245,True,0,metrics
1776377280.991044,1178,anchor_data,18.115,True,0,tl_state
1776377281.0379176,1179,anchor_data,20.261,True,0,metrics
1776377281.0576723,1179,anchor_data,19.562,True,0,tl_state
1776377281.1001663,1180,anchor_data,19.901,True,0,metrics
1776377281.118379,1180,anchor_data,18.112,True,0,tl_state
1776377281.1346915,1180,anchor_batch,16.234,True,48,vehicles
1776377281.183424,1181,anchor_data,21.885,True,0,metrics
1776377281.2017875,1181,anchor_data,18.26,True,0,tl_state
1776377281.2419357,1182,anchor_data,18.188,True,0,metrics
1776377281.2632864,1182,anchor_data,21.269,True,0,tl_state
1776377281.3073144,1183,anchor_data,19.775,True,0,metrics
1776377281.3272834,1183,anchor_data,19.88,True,0,tl_state
1776377281.3699343,1184,anchor_data,19.271,True,0,metrics
1776377281.3878,1184,anchor_data,17.776,True,0,tl_state
1776377281.4334788,1185,anchor_data,21.063,True,0,metrics
1776377281.4543934,1185,anchor_data,20.787,True,0,tl_state
1776377281.473574,1185,anchor_batch,19.089,True,49,vehicles
1776377281.518766,1186,anchor_data,20.993,True,0,metrics
1776377281.536407,1186,anchor_data,17.551,True,0,tl_state
1776377281.581129,1187,anchor_data,21.495,True,0,metrics
1776377281.599948,1187,anchor_data,18.677,True,0,tl_state
1776377281.643317,1188,anchor_data,18.937,True,0,metrics
1776377281.6648414,1188,anchor_data,21.439,True,0,tl_state
1776377281.7087355,1189,anchor_data,19.293,True,0,metrics
1776377281.72757,1189,anchor_data,18.711,True,0,tl_state
1776377281.7702782,1190,anchor_data,19.872,True,0,metrics
1776377281.7892673,1190,anchor_data,18.901,True,0,tl_state
1776377281.806535,1190,anchor_batch,17.18,True,48,vehicles
1776377281.85161,1191,anchor_data,18.765,True,0,metrics
1776377281.8710349,1191,anchor_data,19.342,True,0,tl_state
1776377281.9184186,1192,anchor_data,20.139,True,0,metrics
1776377281.9381435,1192,anchor_data,19.644,True,0,tl_state
1776377281.980978,1193,anchor_data,20.013,True,0,metrics
1776377282.000334,1193,anchor_data,19.102,True,0,tl_state
1776377282.046271,1194,anchor_data,21.332,True,0,metrics
1776377282.070103,1194,anchor_data,23.666,True,0,tl_state
1776377282.114438,1195,anchor_data,21.496,True,0,metrics
1776377282.1344032,1195,anchor_data,19.678,True,0,tl_state
1776377282.151049,1195,anchor_batch,16.561,True,48,vehicles
1776377282.2000806,1196,anchor_data,20.728,True,0,metrics
1776377282.2187908,1196,anchor_data,18.615,True,0,tl_state
1776377282.2645404,1197,anchor_data,21.395,True,0,metrics
1776377282.284363,1197,anchor_data,19.415,True,0,tl_state
1776377282.3286455,1198,anchor_data,20.15,True,0,metrics
1776377282.3477614,1198,anchor_data,18.994,True,0,tl_state
1776377282.3895597,1199,anchor_data,17.901,True,0,metrics
1776377282.4104536,1199,anchor_data,20.767,True,0,tl_state
1776377282.4552424,1200,anchor_data,18.682,True,0,metrics
1776377282.4745896,1200,anchor_data,19.247,True,0,tl_state
1776377282.4907095,1200,anchor_batch,15.98,True,50,vehicles
1776377282.5610025,1201,anchor_data,33.234,True,0,metrics
1776377282.5859919,1201,anchor_data,24.887,True,0,tl_state
1776377282.6361756,1202,anchor_data,19.843,True,0,metrics
1776377282.6572795,1202,anchor_data,20.911,True,0,tl_state
1776377282.7021594,1203,anchor_data,19.553,True,0,metrics
1776377282.7206922,1203,anchor_data,18.437,True,0,tl_state
1776377282.7620413,1204,anchor_data,19.5,True,0,metrics
1776377282.7810543,1204,anchor_data,18.903,True,0,tl_state
1776377282.8325603,1205,anchor_data,22.863,True,0,metrics
1776377282.8523653,1205,anchor_data,19.712,True,0,tl_state
1776377282.868024,1205,anchor_batch,15.584,True,53,vehicles
1776377282.917407,1206,anchor_data,20.247,True,0,metrics
1776377282.9353774,1206,anchor_data,17.887,True,0,tl_state
1776377282.9779105,1207,anchor_data,19.322,True,0,metrics
1776377282.997262,1207,anchor_data,19.255,True,0,tl_state
1776377283.0420988,1208,anchor_data,20.784,True,0,metrics
1776377283.0612955,1208,anchor_data,19.111,True,0,tl_state
1776377283.1083438,1209,anchor_data,20.312,True,0,metrics
1776377283.1318266,1209,anchor_data,23.369,True,0,tl_state
1776377283.1766272,1210,anchor_data,19.511,True,0,metrics
1776377283.1947687,1210,anchor_data,18.037,True,0,tl_state
1776377283.2131832,1210,anchor_batch,18.331,True,54,vehicles
1776377283.2611504,1211,anchor_data,19.552,True,0,metrics
1776377283.280641,1211,anchor_data,19.4,True,0,tl_state
1776377283.3274043,1212,anchor_data,19.508,True,0,metrics
1776377283.3467803,1212,anchor_data,19.293,True,0,tl_state
1776377283.405316,1213,anchor_data,20.65,True,0,metrics
1776377283.422593,1213,anchor_data,17.192,True,0,tl_state
1776377283.4704978,1214,anchor_data,20.472,True,0,metrics
1776377283.4900374,1214,anchor_data,19.431,True,0,tl_state
1776377283.537163,1215,anchor_data,18.51,True,0,metrics
1776377283.5571272,1215,anchor_data,19.856,True,0,tl_state
1776377283.572951,1215,anchor_batch,15.744,True,53,vehicles
1776377283.6207576,1216,anchor_data,19.356,True,0,metrics
1776377283.6388683,1216,anchor_data,18.022,True,0,tl_state
1776377283.6859198,1217,anchor_data,21.84,True,0,metrics
1776377283.704363,1217,anchor_data,18.351,True,0,tl_state
1776377283.757794,1218,anchor_data,25.228,True,0,metrics
1776377283.7755356,1218,anchor_data,17.652,True,0,tl_state
1776377283.823516,1219,anchor_data,20.585,True,0,metrics
1776377283.8408551,1219,anchor_data,17.242,True,0,tl_state
1776377283.8846433,1220,anchor_data,20.721,True,0,metrics
1776377283.9052196,1220,anchor_data,20.483,True,0,tl_state
1776377283.9238887,1220,anchor_batch,18.563,True,52,vehicles
1776377283.972992,1221,anchor_data,20.456,True,0,metrics
1776377283.9911711,1221,anchor_data,18.079,True,0,tl_state
1776377284.0391867,1222,anchor_data,20.151,True,0,metrics
1776377284.0585523,1222,anchor_data,19.285,True,0,tl_state
1776377284.1044803,1223,anchor_data,19.715,True,0,metrics
1776377284.123094,1223,anchor_data,18.51,True,0,tl_state
1776377284.1689403,1224,anchor_data,21.73,True,0,metrics
1776377284.186875,1224,anchor_data,17.839,True,0,tl_state
1776377284.2346866,1225,anchor_data,21.208,True,0,metrics
1776377284.2525644,1225,anchor_data,17.78,True,0,tl_state
1776377284.2692995,1225,anchor_batch,16.626,True,54,vehicles
1776377284.319461,1226,anchor_data,22.58,True,0,metrics
1776377284.3384385,1226,anchor_data,18.883,True,0,tl_state
1776377284.3911428,1227,anchor_data,21.018,True,0,metrics
1776377284.4135551,1227,anchor_data,22.322,True,0,tl_state
1776377284.4631085,1228,anchor_data,21.282,True,0,metrics
1776377284.4821558,1228,anchor_data,18.922,True,0,tl_state
1776377284.525909,1229,anchor_data,18.034,True,0,metrics
1776377284.5450573,1229,anchor_data,19.027,True,0,tl_state
1776377284.5903084,1230,anchor_data,20.78,True,0,metrics
1776377284.6094556,1230,anchor_data,19.014,True,0,tl_state
1776377284.6255796,1230,anchor_batch,16.024,True,54,vehicles
1776377284.6736326,1231,anchor_data,18.769,True,0,metrics
1776377284.6923583,1231,anchor_data,18.607,True,0,tl_state
1776377284.7390213,1232,anchor_data,19.369,True,0,metrics
1776377284.769786,1232,anchor_data,30.681,True,0,tl_state
1776377284.8310707,1233,anchor_data,26.702,True,0,metrics
1776377284.8506439,1233,anchor_data,19.476,True,0,tl_state
1776377284.9035904,1234,anchor_data,21.759,True,0,metrics
1776377284.9238229,1234,anchor_data,20.147,True,0,tl_state
1776377284.9691236,1235,anchor_data,18.553,True,0,metrics
1776377284.9894497,1235,anchor_data,20.247,True,0,tl_state
1776377285.0073495,1235,anchor_batch,17.823,True,54,vehicles
1776377285.060053,1236,anchor_data,21.036,True,0,metrics
1776377285.078995,1236,anchor_data,18.789,True,0,tl_state
1776377285.127361,1237,anchor_data,21.008,True,0,metrics
1776377285.1472757,1237,anchor_data,19.833,True,0,tl_state
1776377285.195646,1238,anchor_data,19.201,True,0,metrics
1776377285.214493,1238,anchor_data,18.767,True,0,tl_state
1776377285.263223,1239,anchor_data,20.749,True,0,metrics
1776377285.2810433,1239,anchor_data,17.716,True,0,tl_state
1776377285.3285432,1240,anchor_data,21.193,True,0,metrics
1776377285.346139,1240,anchor_data,17.518,True,0,tl_state
1776377285.3644812,1240,anchor_batch,18.269,True,54,vehicles
1776377285.4193437,1241,anchor_data,25.516,True,0,metrics
1776377285.4408433,1241,anchor_data,21.401,True,0,tl_state
1776377285.4959676,1242,anchor_data,23.33,True,0,metrics
1776377285.5180917,1242,anchor_data,21.967,True,0,tl_state
1776377285.5653439,1243,anchor_data,20.855,True,0,metrics
1776377285.5843737,1243,anchor_data,18.922,True,0,tl_state
1776377285.631686,1244,anchor_data,21.008,True,0,metrics
1776377285.6512191,1244,anchor_data,19.229,True,0,tl_state
1776377285.6996188,1245,anchor_data,22.213,True,0,metrics
1776377285.718613,1245,anchor_data,18.897,True,0,tl_state
1776377285.7356162,1245,anchor_batch,16.919,True,54,vehicles
1776377285.7917807,1246,anchor_data,23.659,True,0,metrics
1776377285.8124857,1246,anchor_data,20.628,True,0,tl_state
1776377285.8599043,1247,anchor_data,21.85,True,0,metrics
1776377285.880365,1247,anchor_data,20.389,True,0,tl_state
1776377285.9320602,1248,anchor_data,23.852,True,0,metrics
1776377285.952644,1248,anchor_data,20.478,True,0,tl_state
1776377285.996896,1249,anchor_data,19.965,True,0,metrics
1776377286.0168312,1249,anchor_data,19.813,True,0,tl_state
1776377286.0640023,1250,anchor_data,19.086,True,0,metrics
1776377286.0839024,1250,anchor_data,19.788,True,0,tl_state
1776377286.098717,1250,anchor_batch,14.735,True,54,vehicles
1776377286.1484334,1251,anchor_data,19.687,True,0,metrics
1776377286.171052,1251,anchor_data,22.52,True,0,tl_state
1776377286.216765,1252,anchor_data,20.667,True,0,metrics
1776377286.2355018,1252,anchor_data,18.625,True,0,tl_state
1776377286.2804892,1253,anchor_data,20.493,True,0,metrics
1776377286.2992978,1253,anchor_data,18.7,True,0,tl_state
1776377286.3432956,1254,anchor_data,18.821,True,0,metrics
1776377286.3661978,1254,anchor_data,22.786,True,0,tl_state
1776377286.4139543,1255,anchor_data,18.553,True,0,metrics
1776377286.4333818,1255,anchor_data,19.317,True,0,tl_state
1776377286.4493046,1255,anchor_batch,15.765,True,53,vehicles
1776377286.494558,1256,anchor_data,18.458,True,0,metrics
1776377286.5134916,1256,anchor_data,18.855,True,0,tl_state
1776377286.5552325,1257,anchor_data,18.414,True,0,metrics
1776377286.5720217,1257,anchor_data,16.656,True,0,tl_state
1776377286.6220803,1258,anchor_data,20.41,True,0,metrics
1776377286.6438074,1258,anchor_data,21.619,True,0,tl_state
1776377286.7049804,1259,anchor_data,21.548,True,0,metrics
1776377286.7232132,1259,anchor_data,18.136,True,0,tl_state
1776377286.7660956,1260,anchor_data,18.118,True,0,metrics
1776377286.7848256,1260,anchor_data,18.579,True,0,tl_state
1776377286.8020408,1260,anchor_batch,17.136,True,54,vehicles
1776377286.8517044,1261,anchor_data,19.874,True,0,metrics
1776377286.8693662,1261,anchor_data,17.573,True,0,tl_state
1776377286.9138675,1262,anchor_data,20.378,True,0,metrics
1776377286.9329472,1262,anchor_data,18.949,True,0,tl_state
1776377286.9729364,1263,anchor_data,17.673,True,0,metrics
1776377286.9959912,1263,anchor_data,22.949,True,0,tl_state
1776377287.0387032,1264,anchor_data,18.436,True,0,metrics
1776377287.056778,1264,anchor_data,18.002,True,0,tl_state
1776377287.1016114,1265,anchor_data,19.752,True,0,metrics
1776377287.1213717,1265,anchor_data,19.678,True,0,tl_state
1776377287.1396835,1265,anchor_batch,18.206,True,53,vehicles
1776377287.1862876,1266,anchor_data,18.732,True,0,metrics
1776377287.2065954,1266,anchor_data,20.223,True,0,tl_state
1776377287.2480547,1267,anchor_data,19.938,True,0,metrics
1776377287.2679179,1267,anchor_data,19.71,True,0,tl_state
1776377287.3089466,1268,anchor_data,19.326,True,0,metrics
1776377287.327918,1268,anchor_data,18.84,True,0,tl_state
1776377287.3691185,1269,anchor_data,18.463,True,0,metrics
1776377287.3890579,1269,anchor_data,19.854,True,0,tl_state
1776377287.4335465,1270,anchor_data,20.166,True,0,metrics
1776377287.451894,1270,anchor_data,18.262,True,0,tl_state
1776377287.469526,1270,anchor_batch,17.526,True,47,vehicles
1776377287.5130074,1271,anchor_data,19.437,True,0,metrics
1776377287.5308104,1271,anchor_data,17.705,True,0,tl_state
1776377287.5733597,1272,anchor_data,19.582,True,0,metrics
1776377287.5930982,1272,anchor_data,19.639,True,0,tl_state
1776377287.6385505,1273,anchor_data,21.621,True,0,metrics
1776377287.6568036,1273,anchor_data,18.16,True,0,tl_state
1776377287.6971123,1274,anchor_data,20.14,True,0,metrics
1776377287.7151797,1274,anchor_data,17.966,True,0,tl_state
1776377287.755506,1275,anchor_data,19.637,True,0,metrics
1776377287.7739367,1275,anchor_data,18.349,True,0,tl_state
1776377287.790437,1275,anchor_batch,16.415,True,46,vehicles
1776377287.83784,1276,anchor_data,19.988,True,0,metrics
1776377287.8561404,1276,anchor_data,18.166,True,0,tl_state
1776377287.8964405,1277,anchor_data,21.144,True,0,metrics
1776377287.9171393,1277,anchor_data,20.611,True,0,tl_state
1776377287.9565194,1278,anchor_data,19.189,True,0,metrics
1776377287.977794,1278,anchor_data,21.183,True,0,tl_state
1776377288.022077,1279,anchor_data,19.022,True,0,metrics
1776377288.0403028,1279,anchor_data,18.146,True,0,tl_state
1776377288.0815306,1280,anchor_data,20.267,True,0,metrics
1776377288.0999498,1280,anchor_data,18.245,True,0,tl_state
1776377288.1147876,1280,anchor_batch,14.737,True,46,vehicles
1776377288.158257,1281,anchor_data,19.647,True,0,metrics
1776377288.1783586,1281,anchor_data,20.021,True,0,tl_state
1776377288.222819,1282,anchor_data,21.219,True,0,metrics
1776377288.2417204,1282,anchor_data,18.797,True,0,tl_state
1776377288.2858782,1283,anchor_data,21.615,True,0,metrics
1776377288.305651,1283,anchor_data,19.685,True,0,tl_state
1776377288.3464136,1284,anchor_data,20.342,True,0,metrics
1776377288.3680263,1284,anchor_data,21.513,True,0,tl_state
1776377288.412524,1285,anchor_data,21.112,True,0,metrics
1776377288.429739,1285,anchor_data,17.126,True,0,tl_state
1776377288.4450693,1285,anchor_batch,15.26,True,49,vehicles
1776377288.4894652,1286,anchor_data,19.677,True,0,metrics
1776377288.507855,1286,anchor_data,18.307,True,0,tl_state
1776377288.5534062,1287,anchor_data,18.327,True,0,metrics
1776377288.5727196,1287,anchor_data,19.238,True,0,tl_state
1776377288.6141038,1288,anchor_data,19.989,True,0,metrics
1776377288.6324513,1288,anchor_data,18.164,True,0,tl_state
1776377288.6745346,1289,anchor_data,20.581,True,0,metrics
1776377288.693426,1289,anchor_data,18.806,True,0,tl_state
1776377288.7323647,1290,anchor_data,18.016,True,0,metrics
1776377288.7521513,1290,anchor_data,19.617,True,0,tl_state
1776377288.7678726,1290,anchor_batch,15.638,True,49,vehicles
1776377288.8137558,1291,anchor_data,20.182,True,0,metrics
1776377288.8317683,1291,anchor_data,17.924,True,0,tl_state
1776377288.8787384,1292,anchor_data,20.945,True,0,metrics
1776377288.9002962,1292,anchor_data,21.48,True,0,tl_state
1776377288.96457,1293,anchor_data,32.723,True,0,metrics
1776377288.9869058,1293,anchor_data,22.239,True,0,tl_state
1776377289.0327773,1294,anchor_data,19.781,True,0,metrics
1776377289.0507612,1294,anchor_data,17.876,True,0,tl_state
1776377289.091772,1295,anchor_data,18.327,True,0,metrics
1776377289.1094482,1295,anchor_data,17.593,True,0,tl_state
1776377289.126883,1295,anchor_batch,17.361,True,48,vehicles
1776377289.1819394,1296,anchor_data,25.277,True,0,metrics
1776377289.2024572,1296,anchor_data,20.422,True,0,tl_state
1776377289.2756305,1297,anchor_data,48.67,True,0,metrics
1776377289.2922275,1297,anchor_data,16.444,True,0,tl_state
1776377289.353913,1298,anchor_data,21.265,True,0,metrics
1776377289.3746555,1298,anchor_data,20.654,True,0,tl_state
1776377289.4170399,1299,anchor_data,20.126,True,0,metrics
1776377289.4375348,1299,anchor_data,20.345,True,0,tl_state
1776377289.4824371,1300,anchor_data,20.392,True,0,metrics
1776377289.5012074,1300,anchor_data,18.628,True,0,tl_state
1776377289.5180898,1300,anchor_batch,16.802,True,48,vehicles
1776377289.5667229,1301,anchor_data,22.058,True,0,metrics
1776377289.5864165,1301,anchor_data,19.589,True,0,tl_state
1776377289.6299663,1302,anchor_data,22.081,True,0,metrics
1776377289.6524992,1302,anchor_data,22.447,True,0,tl_state
1776377289.6979527,1303,anchor_data,19.113,True,0,metrics
1776377289.718899,1303,anchor_data,20.857,True,0,tl_state
1776377289.7662888,1304,anchor_data,22.718,True,0,metrics
1776377289.7860298,1304,anchor_data,19.647,True,0,tl_state
1776377289.83407,1305,anchor_data,23.142,True,0,metrics
1776377289.8526294,1305,anchor_data,18.442,True,0,tl_state
1776377289.8692899,1305,anchor_batch,16.545,True,51,vehicles
1776377289.9179752,1306,anchor_data,20.912,True,0,metrics
1776377289.9368095,1306,anchor_data,18.682,True,0,tl_state
1776377289.9776192,1307,anchor_data,18.339,True,0,metrics
1776377289.9967518,1307,anchor_data,19.03,True,0,tl_state
1776377290.040247,1308,anchor_data,17.917,True,0,metrics
1776377290.0601974,1308,anchor_data,19.865,True,0,tl_state
1776377290.1116977,1309,anchor_data,19.962,True,0,metrics
1776377290.1305838,1309,anchor_data,18.802,True,0,tl_state
1776377290.170517,1310,anchor_data,17.896,True,0,metrics
1776377290.1892204,1310,anchor_data,18.617,True,0,tl_state
1776377290.205563,1310,anchor_batch,16.27,True,49,vehicles
1776377290.2558823,1311,anchor_data,22.893,True,0,metrics
1776377290.2722116,1311,anchor_data,16.215,True,0,tl_state
1776377290.3165016,1312,anchor_data,20.99,True,0,metrics
1776377290.3358974,1312,anchor_data,19.299,True,0,tl_state
1776377290.3751667,1313,anchor_data,17.691,True,0,metrics
1776377290.394692,1313,anchor_data,19.436,True,0,tl_state
1776377290.4363654,1314,anchor_data,18.34,True,0,metrics
1776377290.4544017,1314,anchor_data,17.898,True,0,tl_state
1776377290.502757,1315,anchor_data,19.56,True,0,metrics
1776377290.5226793,1315,anchor_data,19.832,True,0,tl_state
1776377290.5410833,1315,anchor_batch,18.3,True,46,vehicles
1776377290.5849197,1316,anchor_data,21.083,True,0,metrics
1776377290.6048703,1316,anchor_data,19.855,True,0,tl_state
1776377290.6462836,1317,anchor_data,19.711,True,0,metrics
1776377290.6648755,1317,anchor_data,18.511,True,0,tl_state
1776377290.7059176,1318,anchor_data,18.44,True,0,metrics
1776377290.7231505,1318,anchor_data,17.151,True,0,tl_state
1776377290.7666225,1319,anchor_data,20.13,True,0,metrics
1776377290.7986615,1319,anchor_data,31.934,True,0,tl_state
1776377290.8600223,1320,anchor_data,37.468,True,0,metrics
1776377290.8861947,1320,anchor_data,26.03,True,0,tl_state
1776377290.905051,1320,anchor_batch,18.769,True,46,vehicles
1776377290.9511178,1321,anchor_data,18.443,True,0,metrics
1776377290.9703603,1321,anchor_data,19.138,True,0,tl_state
1776377291.0123594,1322,anchor_data,20.135,True,0,metrics
1776377291.0313559,1322,anchor_data,18.869,True,0,tl_state
1776377291.0740652,1323,anchor_data,19.083,True,0,metrics
1776377291.0934575,1323,anchor_data,19.3,True,0,tl_state
1776377291.1410165,1324,anchor_data,19.691,True,0,metrics
1776377291.160495,1324,anchor_data,19.399,True,0,tl_state
1776377291.2009356,1325,anchor_data,17.821,True,0,metrics
1776377291.222108,1325,anchor_data,21.09,True,0,tl_state
1776377291.236846,1325,anchor_batch,14.661,True,48,vehicles
1776377291.2799015,1326,anchor_data,18.864,True,0,metrics
1776377291.2986016,1326,anchor_data,18.583,True,0,tl_state
1776377291.3385165,1327,anchor_data,20.088,True,0,metrics
1776377291.357059,1327,anchor_data,18.45,True,0,tl_state
1776377291.401083,1328,anchor_data,19.377,True,0,metrics
1776377291.420223,1328,anchor_data,18.969,True,0,tl_state
1776377291.4615002,1329,anchor_data,19.322,True,0,metrics
1776377291.479074,1329,anchor_data,17.373,True,0,tl_state
1776377291.51812,1330,anchor_data,18.276,True,0,metrics
1776377291.535976,1330,anchor_data,17.772,True,0,tl_state
1776377291.5513196,1330,anchor_batch,15.272,True,48,vehicles
1776377291.5965886,1331,anchor_data,21.557,True,0,metrics
1776377291.6154752,1331,anchor_data,18.788,True,0,tl_state
1776377291.6588206,1332,anchor_data,19.381,True,0,metrics
1776377291.6779733,1332,anchor_data,19.065,True,0,tl_state
1776377291.7183104,1333,anchor_data,18.635,True,0,metrics
1776377291.7362587,1333,anchor_data,17.816,True,0,tl_state
1776377291.781861,1334,anchor_data,21.988,True,0,metrics
1776377291.8004587,1334,anchor_data,18.497,True,0,tl_state
1776377291.841261,1335,anchor_data,19.028,True,0,metrics
1776377291.8614748,1335,anchor_data,20.071,True,0,tl_state
1776377291.8792088,1335,anchor_batch,17.611,True,50,vehicles
1776377291.9261818,1336,anchor_data,19.369,True,0,metrics
1776377291.944383,1336,anchor_data,18.105,True,0,tl_state
1776377291.9865582,1337,anchor_data,17.172,True,0,metrics
1776377292.0053387,1337,anchor_data,18.674,True,0,tl_state
1776377292.048981,1338,anchor_data,19.727,True,0,metrics
1776377292.067814,1338,anchor_data,18.741,True,0,tl_state
1776377292.1160874,1339,anchor_data,22.005,True,0,metrics
1776377292.135406,1339,anchor_data,19.227,True,0,tl_state
1776377292.1780772,1340,anchor_data,20.049,True,0,metrics
1776377292.1992393,1340,anchor_data,20.96,True,0,tl_state
1776377292.216073,1340,anchor_batch,16.701,True,52,vehicles
1776377292.2642882,1341,anchor_data,20.234,True,0,metrics
1776377292.2835166,1341,anchor_data,19.127,True,0,tl_state
1776377292.327021,1342,anchor_data,18.435,True,0,metrics
1776377292.3466487,1342,anchor_data,19.537,True,0,tl_state
1776377292.3900945,1343,anchor_data,20.672,True,0,metrics
1776377292.408306,1343,anchor_data,18.09,True,0,tl_state
1776377292.456751,1344,anchor_data,20.206,True,0,metrics
1776377292.4775214,1344,anchor_data,20.679,True,0,tl_state
1776377292.5223105,1345,anchor_data,17.694,True,0,metrics
1776377292.540971,1345,anchor_data,18.58,True,0,tl_state
1776377292.5573323,1345,anchor_batch,16.285,True,53,vehicles
1776377292.608788,1346,anchor_data,21.583,True,0,metrics
1776377292.6300924,1346,anchor_data,21.202,True,0,tl_state
1776377292.6765723,1347,anchor_data,20.306,True,0,metrics
1776377292.6942506,1347,anchor_data,17.582,True,0,tl_state
1776377292.7395217,1348,anchor_data,19.164,True,0,metrics
1776377292.7561915,1348,anchor_data,16.589,True,0,tl_state
1776377292.7989545,1349,anchor_data,18.684,True,0,metrics
1776377292.8192916,1349,anchor_data,20.21,True,0,tl_state
1776377292.8672533,1350,anchor_data,23.06,True,0,metrics
1776377292.8855972,1350,anchor_data,18.241,True,0,tl_state
1776377292.9043381,1350,anchor_batch,18.664,True,52,vehicles
1776377292.9743004,1351,anchor_data,38.766,True,0,metrics
1776377292.9999263,1351,anchor_data,25.531,True,0,tl_state
1776377293.0435987,1352,anchor_data,17.638,True,0,metrics
1776377293.063182,1352,anchor_data,19.496,True,0,tl_state
1776377293.1031058,1353,anchor_data,17.866,True,0,metrics
1776377293.1237786,1353,anchor_data,20.586,True,0,tl_state
1776377293.168014,1354,anchor_data,19.49,True,0,metrics
1776377293.1912427,1354,anchor_data,23.109,True,0,tl_state
1776377293.2326298,1355,anchor_data,20.252,True,0,metrics
1776377293.2551367,1355,anchor_data,22.421,True,0,tl_state
1776377293.2711868,1355,anchor_batch,15.993,True,50,vehicles
1776377293.3180952,1356,anchor_data,21.75,True,0,metrics
1776377293.3361523,1356,anchor_data,17.961,True,0,tl_state
1776377293.3784952,1357,anchor_data,17.738,True,0,metrics
1776377293.400875,1357,anchor_data,22.29,True,0,tl_state
1776377293.4497006,1358,anchor_data,21.695,True,0,metrics
1776377293.4721727,1358,anchor_data,22.366,True,0,tl_state
1776377293.5178225,1359,anchor_data,20.396,True,0,metrics
1776377293.538707,1359,anchor_data,20.799,True,0,tl_state
1776377293.5832214,1360,anchor_data,20.742,True,0,metrics
1776377293.6025188,1360,anchor_data,19.203,True,0,tl_state
1776377293.6191678,1360,anchor_batch,16.549,True,47,vehicles
1776377293.6653485,1361,anchor_data,20.558,True,0,metrics
1776377293.6863704,1361,anchor_data,20.902,True,0,tl_state
1776377293.727896,1362,anchor_data,20.945,True,0,metrics
1776377293.7463582,1362,anchor_data,18.372,True,0,tl_state
1776377293.7883327,1363,anchor_data,18.154,True,0,metrics
1776377293.8062594,1363,anchor_data,17.835,True,0,tl_state
1776377293.8486297,1364,anchor_data,20.527,True,0,metrics
1776377293.8664424,1364,anchor_data,17.717,True,0,tl_state
1776377293.9094286,1365,anchor_data,19.528,True,0,metrics
1776377293.9267905,1365,anchor_data,17.243,True,0,tl_state
1776377293.942292,1365,anchor_batch,15.43,True,47,vehicles
1776377293.988697,1366,anchor_data,21.066,True,0,metrics
1776377294.0074716,1366,anchor_data,18.695,True,0,tl_state
1776377294.0534592,1367,anchor_data,22.4,True,0,metrics
1776377294.0744083,1367,anchor_data,20.858,True,0,tl_state
1776377294.1218188,1368,anchor_data,19.913,True,0,metrics
1776377294.139151,1368,anchor_data,17.211,True,0,tl_state
1776377294.1829364,1369,anchor_data,18.453,True,0,metrics
1776377294.2010286,1369,anchor_data,17.968,True,0,tl_state
1776377294.2413754,1370,anchor_data,19.598,True,0,metrics
1776377294.2617664,1370,anchor_data,20.237,True,0,tl_state
1776377294.2923465,1370,anchor_batch,19.217,True,47,vehicles
1776377294.3412483,1371,anchor_data,20.228,True,0,metrics
1776377294.3596988,1371,anchor_data,18.362,True,0,tl_state
1776377294.3997715,1372,anchor_data,18.768,True,0,metrics
1776377294.4174888,1372,anchor_data,17.634,True,0,tl_state
1776377294.458179,1373,anchor_data,19.194,True,0,metrics
1776377294.4811513,1373,anchor_data,22.807,True,0,tl_state
1776377294.5243466,1374,anchor_data,18.995,True,0,metrics
1776377294.5446048,1374,anchor_data,20.173,True,0,tl_state
1776377294.5889685,1375,anchor_data,17.665,True,0,metrics
1776377294.607025,1375,anchor_data,17.949,True,0,tl_state
1776377294.6228263,1375,anchor_batch,15.728,True,48,vehicles
1776377294.666545,1376,anchor_data,19.807,True,0,metrics
1776377294.6863182,1376,anchor_data,19.683,True,0,tl_state
1776377294.7289035,1377,anchor_data,18.363,True,0,metrics
1776377294.7468803,1377,anchor_data,17.853,True,0,tl_state
1776377294.788417,1378,anchor_data,19.234,True,0,metrics
1776377294.807909,1378,anchor_data,19.404,True,0,tl_state
1776377294.8478906,1379,anchor_data,18.28,True,0,metrics
1776377294.866146,1379,anchor_data,17.988,True,0,tl_state
1776377294.9130616,1380,anchor_data,21.181,True,0,metrics
1776377294.931142,1380,anchor_data,17.998,True,0,tl_state
1776377294.9473238,1380,anchor_batch,16.098,True,46,vehicles
1776377294.9922464,1381,anchor_data,18.54,True,0,metrics
1776377295.0111585,1381,anchor_data,18.836,True,0,tl_state
1776377295.0570621,1382,anchor_data,22.386,True,0,metrics
1776377295.0734837,1382,anchor_data,16.327,True,0,tl_state
1776377295.1187208,1383,anchor_data,19.73,True,0,metrics
1776377295.152007,1383,anchor_data,33.195,True,0,tl_state
1776377295.206316,1384,anchor_data,24.944,True,0,metrics
1776377295.2264407,1384,anchor_data,20.015,True,0,tl_state
1776377295.2740512,1385,anchor_data,20.216,True,0,metrics
1776377295.2943122,1385,anchor_data,20.148,True,0,tl_state
1776377295.3129494,1385,anchor_batch,18.556,True,48,vehicles
1776377295.3651938,1386,anchor_data,21.074,True,0,metrics
1776377295.3843322,1386,anchor_data,19.032,True,0,tl_state
1776377295.4262707,1387,anchor_data,18.115,True,0,metrics
1776377295.445059,1387,anchor_data,18.628,True,0,tl_state
1776377295.4857042,1388,anchor_data,17.85,True,0,metrics
1776377295.5056663,1388,anchor_data,19.854,True,0,tl_state
1776377295.5499916,1389,anchor_data,17.949,True,0,metrics
1776377295.5687184,1389,anchor_data,18.637,True,0,tl_state
1776377295.6143956,1390,anchor_data,21.03,True,0,metrics
1776377295.636253,1390,anchor_data,21.756,True,0,tl_state
1776377295.6570497,1390,anchor_batch,20.71,True,50,vehicles
1776377295.7086916,1391,anchor_data,21.018,True,0,metrics
1776377295.7287865,1391,anchor_data,19.998,True,0,tl_state
1776377295.774389,1392,anchor_data,19.679,True,0,metrics
1776377295.7937005,1392,anchor_data,19.226,True,0,tl_state
1776377295.835348,1393,anchor_data,19.532,True,0,metrics
1776377295.8568854,1393,anchor_data,21.443,True,0,tl_state
1776377295.9053304,1394,anchor_data,19.431,True,0,metrics
1776377295.9248817,1394,anchor_data,19.346,True,0,tl_state
1776377295.966853,1395,anchor_data,19.468,True,0,metrics
1776377295.9868286,1395,anchor_data,19.886,True,0,tl_state
1776377296.0049894,1395,anchor_batch,18.055,True,51,vehicles
1776377296.051319,1396,anchor_data,20.016,True,0,metrics
1776377296.0724092,1396,anchor_data,20.994,True,0,tl_state
1776377296.1214514,1397,anchor_data,20.013,True,0,metrics
1776377296.1431344,1397,anchor_data,21.594,True,0,tl_state
1776377296.1896784,1398,anchor_data,20.58,True,0,metrics
1776377296.2104807,1398,anchor_data,20.716,True,0,tl_state
1776377296.2558768,1399,anchor_data,19.727,True,0,metrics
1776377296.275563,1399,anchor_data,19.598,True,0,tl_state
1776377296.3197124,1400,anchor_data,19.392,True,0,metrics
1776377296.3411665,1400,anchor_data,21.301,True,0,tl_state
1776377296.3632402,1400,anchor_batch,21.914,True,50,vehicles
1776377296.41822,1401,anchor_data,18.768,True,0,metrics
1776377296.4357893,1401,anchor_data,17.489,True,0,tl_state
1776377296.4777093,1402,anchor_data,18.179,True,0,metrics
1776377296.4946969,1402,anchor_data,16.916,True,0,tl_state
1776377296.5380473,1403,anchor_data,17.123,True,0,metrics
1776377296.5546334,1403,anchor_data,16.51,True,0,tl_state
1776377296.595553,1404,anchor_data,18.863,True,0,metrics
1776377296.612173,1404,anchor_data,16.491,True,0,tl_state
1776377296.6560826,1405,anchor_data,16.883,True,0,metrics
1776377296.6743255,1405,anchor_data,18.167,True,0,tl_state
1776377296.695086,1405,anchor_batch,20.674,True,52,vehicles
1776377296.7439182,1406,anchor_data,20.203,True,0,metrics
1776377296.7635522,1406,anchor_data,19.543,True,0,tl_state
1776377296.8073611,1407,anchor_data,17.21,True,0,metrics
1776377296.8229089,1407,anchor_data,15.473,True,0,tl_state
1776377296.8654468,1408,anchor_data,19.748,True,0,metrics
1776377296.8856294,1408,anchor_data,20.095,True,0,tl_state
1776377296.9432538,1409,anchor_data,24.149,True,0,metrics
1776377296.968113,1409,anchor_data,24.768,True,0,tl_state
1776377297.026618,1410,anchor_data,24.972,True,0,metrics
1776377297.0470457,1410,anchor_data,20.312,True,0,tl_state
1776377297.066883,1410,anchor_batch,19.748,True,52,vehicles
1776377297.1308727,1411,anchor_data,23.064,True,0,metrics
1776377297.155516,1411,anchor_data,24.548,True,0,tl_state
1776377297.2157652,1412,anchor_data,23.65,True,0,metrics
1776377297.2383666,1412,anchor_data,22.489,True,0,tl_state
1776377297.2950516,1413,anchor_data,21.368,True,0,metrics
1776377297.320367,1413,anchor_data,25.235,True,0,tl_state
1776377297.3748019,1414,anchor_data,22.421,True,0,metrics
1776377297.3961911,1414,anchor_data,21.304,True,0,tl_state
1776377297.457016,1415,anchor_data,20.405,True,0,metrics
1776377297.4795961,1415,anchor_data,22.495,True,0,tl_state
1776377297.5346336,1415,anchor_batch,54.94,True,53,vehicles
1776377297.5864525,1416,anchor_data,19.517,True,0,metrics
1776377297.6070967,1416,anchor_data,20.554,True,0,tl_state
1776377297.655744,1417,anchor_data,18.488,True,0,metrics
1776377297.6747246,1417,anchor_data,18.863,True,0,tl_state
1776377297.7189229,1418,anchor_data,18.032,True,0,metrics
1776377297.7365637,1418,anchor_data,17.56,True,0,tl_state
1776377297.7812266,1419,anchor_data,18.93,True,0,metrics
1776377297.7988546,1419,anchor_data,17.497,True,0,tl_state
1776377297.8417385,1420,anchor_data,17.391,True,0,metrics
1776377297.8576536,1420,anchor_data,15.847,True,0,tl_state
1776377297.8769195,1420,anchor_batch,19.189,True,53,vehicles
1776377297.92694,1421,anchor_data,17.996,True,0,metrics
1776377297.944388,1421,anchor_data,17.377,True,0,tl_state
1776377297.9849255,1422,anchor_data,16.403,True,0,metrics
1776377298.0004005,1422,anchor_data,15.397,True,0,tl_state
1776377298.0428848,1423,anchor_data,17.104,True,0,metrics
1776377298.0588944,1423,anchor_data,15.932,True,0,tl_state
1776377298.1013916,1424,anchor_data,16.957,True,0,metrics
1776377298.119841,1424,anchor_data,18.339,True,0,tl_state
1776377298.1692445,1425,anchor_data,20.568,True,0,metrics
1776377298.187847,1425,anchor_data,18.525,True,0,tl_state
1776377298.2049909,1425,anchor_batch,17.07,True,56,vehicles
1776377298.2527895,1426,anchor_data,17.887,True,0,metrics
1776377298.2704053,1426,anchor_data,17.535,True,0,tl_state
1776377298.3128512,1427,anchor_data,15.957,True,0,metrics
1776377298.3286462,1427,anchor_data,15.726,True,0,tl_state
1776377298.3746567,1428,anchor_data,19.527,True,0,metrics
1776377298.389811,1428,anchor_data,15.085,True,0,tl_state
1776377298.433928,1429,anchor_data,17.199,True,0,metrics
1776377298.4513226,1429,anchor_data,17.292,True,0,tl_state
1776377298.4948335,1430,anchor_data,17.257,True,0,metrics
1776377298.5107648,1430,anchor_data,15.86,True,0,tl_state
1776377298.5298061,1430,anchor_batch,18.927,True,58,vehicles
1776377298.5793505,1431,anchor_data,17.845,True,0,metrics
1776377298.595859,1431,anchor_data,16.437,True,0,tl_state
1776377298.6396174,1432,anchor_data,17.861,True,0,metrics
1776377298.6542072,1432,anchor_data,14.515,True,0,tl_state
1776377298.7046294,1433,anchor_data,18.423,True,0,metrics
1776377298.7234256,1433,anchor_data,18.725,True,0,tl_state
1776377298.7705374,1434,anchor_data,18.538,True,0,metrics
1776377298.7884097,1434,anchor_data,17.805,True,0,tl_state
1776377298.8357663,1435,anchor_data,18.979,True,0,metrics
1776377298.8512602,1435,anchor_data,15.393,True,0,tl_state
1776377298.8666775,1435,anchor_batch,15.341,True,59,vehicles
1776377298.9148526,1436,anchor_data,16.088,True,0,metrics
1776377298.9328668,1436,anchor_data,17.933,True,0,tl_state
1776377298.9767475,1437,anchor_data,18.147,True,0,metrics
1776377298.9940999,1437,anchor_data,17.278,True,0,tl_state
1776377299.0419095,1438,anchor_data,17.48,True,0,metrics
1776377299.0597687,1438,anchor_data,17.781,True,0,tl_state
1776377299.1092408,1439,anchor_data,19.929,True,0,metrics
1776377299.12748,1439,anchor_data,18.125,True,0,tl_state
1776377299.1771472,1440,anchor_data,20.148,True,0,metrics
1776377299.1941056,1440,anchor_data,16.89,True,0,tl_state
1776377299.2164607,1440,anchor_batch,22.286,True,60,vehicles
1776377299.2643025,1441,anchor_data,15.853,True,0,metrics
1776377299.2801218,1441,anchor_data,15.732,True,0,tl_state
1776377299.3247876,1442,anchor_data,16.45,True,0,metrics
1776377299.3412764,1442,anchor_data,16.413,True,0,tl_state
1776377299.388184,1443,anchor_data,17.832,True,0,metrics
1776377299.4048197,1443,anchor_data,16.561,True,0,tl_state
1776377299.450081,1444,anchor_data,16.958,True,0,metrics
1776377299.4668777,1444,anchor_data,16.706,True,0,tl_state
1776377299.5126464,1445,anchor_data,15.708,True,0,metrics
1776377299.5291765,1445,anchor_data,16.461,True,0,tl_state
1776377299.548087,1445,anchor_batch,18.812,True,60,vehicles
1776377299.5912251,1446,anchor_data,15.978,True,0,metrics
1776377299.6067164,1446,anchor_data,15.415,True,0,tl_state
1776377299.6653826,1447,anchor_data,22.856,True,0,metrics
1776377299.6848693,1447,anchor_data,19.396,True,0,tl_state
1776377299.731341,1448,anchor_data,16.836,True,0,metrics
1776377299.7487683,1448,anchor_data,17.337,True,0,tl_state
1776377299.7921305,1449,anchor_data,16.508,True,0,metrics
1776377299.807748,1449,anchor_data,15.547,True,0,tl_state
1776377299.849122,1450,anchor_data,16.301,True,0,metrics
1776377299.8641896,1450,anchor_data,14.98,True,0,tl_state
1776377299.8795388,1450,anchor_batch,15.261,True,58,vehicles
1776377299.9300945,1451,anchor_data,19.106,True,0,metrics
1776377299.9477334,1451,anchor_data,17.561,True,0,tl_state
1776377299.992636,1452,anchor_data,16.897,True,0,metrics
1776377300.008722,1452,anchor_data,16.011,True,0,tl_state
1776377300.0516121,1453,anchor_data,16.031,True,0,metrics
1776377300.0673897,1453,anchor_data,15.689,True,0,tl_state
1776377300.1118665,1454,anchor_data,18.078,True,0,metrics
1776377300.129644,1454,anchor_data,17.697,True,0,tl_state
1776377300.179708,1455,anchor_data,18.175,True,0,metrics
1776377300.196213,1455,anchor_data,16.424,True,0,tl_state
1776377300.2142403,1455,anchor_batch,17.94,True,57,vehicles
1776377300.2583628,1456,anchor_data,16.797,True,0,metrics
1776377300.2735868,1456,anchor_data,15.148,True,0,tl_state
1776377300.3158224,1457,anchor_data,16.346,True,0,metrics
1776377300.3318653,1457,anchor_data,15.932,True,0,tl_state
1776377300.373452,1458,anchor_data,17.606,True,0,metrics
1776377300.3907392,1458,anchor_data,17.216,True,0,tl_state
1776377300.435005,1459,anchor_data,17.489,True,0,metrics
1776377300.4499755,1459,anchor_data,14.824,True,0,tl_state
1776377300.49097,1460,anchor_data,18.379,True,0,metrics
1776377300.5125473,1460,anchor_data,21.497,True,0,tl_state
1776377300.5302408,1460,anchor_batch,17.609,True,52,vehicles
1776377300.5766392,1461,anchor_data,18.009,True,0,metrics
1776377300.5935762,1461,anchor_data,16.861,True,0,tl_state
1776377300.6340513,1462,anchor_data,17.294,True,0,metrics
1776377300.6507306,1462,anchor_data,16.565,True,0,tl_state
1776377300.690099,1463,anchor_data,17.299,True,0,metrics
1776377300.7065337,1463,anchor_data,16.35,True,0,tl_state
1776377300.746374,1464,anchor_data,18.982,True,0,metrics
1776377300.7658012,1464,anchor_data,19.344,True,0,tl_state
1776377300.8079157,1465,anchor_data,17.33,True,0,metrics
1776377300.824015,1465,anchor_data,16.03,True,0,tl_state
1776377300.840805,1465,anchor_batch,16.719,True,47,vehicles
1776377300.8847027,1466,anchor_data,16.454,True,0,metrics
1776377300.900739,1466,anchor_data,15.96,True,0,tl_state
1776377300.9399486,1467,anchor_data,16.19,True,0,metrics
1776377300.9555905,1467,anchor_data,15.568,True,0,tl_state
1776377301.0021951,1468,anchor_data,20.991,True,0,metrics
1776377301.0186815,1468,anchor_data,16.402,True,0,tl_state
1776377301.0593724,1469,anchor_data,16.726,True,0,metrics
1776377301.0749285,1469,anchor_data,15.484,True,0,tl_state
1776377301.1128204,1470,anchor_data,17.189,True,0,metrics
1776377301.1297367,1470,anchor_data,16.843,True,0,tl_state
1776377301.1455734,1470,anchor_batch,15.764,True,48,vehicles
1776377301.186773,1471,anchor_data,16.497,True,0,metrics
1776377301.201624,1471,anchor_data,14.778,True,0,tl_state
1776377301.2389348,1472,anchor_data,16.259,True,0,metrics
1776377301.254823,1472,anchor_data,15.822,True,0,tl_state
1776377301.295126,1473,anchor_data,16.916,True,0,metrics
1776377301.3101907,1473,anchor_data,14.996,True,0,tl_state
1776377301.3481965,1474,anchor_data,17.153,True,0,metrics
1776377301.3661597,1474,anchor_data,17.862,True,0,tl_state
1776377301.4102836,1475,anchor_data,20.375,True,0,metrics
1776377301.429749,1475,anchor_data,19.347,True,0,tl_state
1776377301.446582,1475,anchor_batch,16.764,True,48,vehicles
1776377301.4880857,1476,anchor_data,15.927,True,0,metrics
1776377301.5035534,1476,anchor_data,15.384,True,0,tl_state
1776377301.5403214,1477,anchor_data,15.937,True,0,metrics
1776377301.5551028,1477,anchor_data,14.672,True,0,tl_state
1776377301.6010761,1478,anchor_data,21.062,True,0,metrics
1776377301.6178396,1478,anchor_data,16.681,True,0,tl_state
1776377301.6578834,1479,anchor_data,16.984,True,0,metrics
1776377301.6850185,1479,anchor_data,27.05,True,0,tl_state
1776377301.7368097,1480,anchor_data,17.625,True,0,metrics
1776377301.7567081,1480,anchor_data,19.809,True,0,tl_state
1776377301.7727227,1480,anchor_batch,15.875,True,48,vehicles
1776377301.8183966,1481,anchor_data,16.572,True,0,metrics
1776377301.8350892,1481,anchor_data,16.621,True,0,tl_state
1776377301.8771863,1482,anchor_data,17.364,True,0,metrics
1776377301.8930142,1482,anchor_data,15.704,True,0,tl_state
1776377301.9292526,1483,anchor_data,15.278,True,0,metrics
1776377301.9444978,1483,anchor_data,15.174,True,0,tl_state
1776377301.9842296,1484,anchor_data,18.6,True,0,metrics
1776377301.9994462,1484,anchor_data,15.139,True,0,tl_state
1776377302.0362408,1485,anchor_data,15.987,True,0,metrics
1776377302.050103,1485,anchor_data,13.788,True,0,tl_state
1776377302.064826,1485,anchor_batch,14.64,True,49,vehicles
1776377302.1043072,1486,anchor_data,15.943,True,0,metrics
1776377302.1196728,1486,anchor_data,15.248,True,0,tl_state
1776377302.1576726,1487,anchor_data,16.268,True,0,metrics
1776377302.173065,1487,anchor_data,15.322,True,0,tl_state
1776377302.2096841,1488,anchor_data,16.351,True,0,metrics
1776377302.2243762,1488,anchor_data,14.623,True,0,tl_state
1776377302.2678094,1489,anchor_data,16.757,True,0,metrics
1776377302.2824376,1489,anchor_data,14.556,True,0,tl_state
1776377302.3195639,1490,anchor_data,15.989,True,0,metrics
1776377302.3370228,1490,anchor_data,17.338,True,0,tl_state
1776377302.3562121,1490,anchor_batch,19.058,True,49,vehicles
1776377302.409652,1491,anchor_data,21.463,True,0,metrics
1776377302.42765,1491,anchor_data,17.921,True,0,tl_state
1776377302.467478,1492,anchor_data,16.171,True,0,metrics
1776377302.4826176,1492,anchor_data,15.066,True,0,tl_state
1776377302.5191429,1493,anchor_data,15.41,True,0,metrics
1776377302.5341294,1493,anchor_data,14.91,True,0,tl_state
1776377302.5713208,1494,anchor_data,15.238,True,0,metrics
1776377302.5856535,1494,anchor_data,14.261,True,0,tl_state
1776377302.6279228,1495,anchor_data,18.228,True,0,metrics
1776377302.6439044,1495,anchor_data,15.912,True,0,tl_state
1776377302.6599545,1495,anchor_batch,15.978,True,51,vehicles
1776377302.7074332,1496,anchor_data,18.718,True,0,metrics
1776377302.7228768,1496,anchor_data,15.372,True,0,tl_state
1776377302.7661278,1497,anchor_data,17.561,True,0,metrics
1776377302.7828436,1497,anchor_data,16.61,True,0,tl_state
1776377302.8221047,1498,anchor_data,15.733,True,0,metrics
1776377302.837861,1498,anchor_data,15.642,True,0,tl_state
1776377302.878416,1499,anchor_data,17.502,True,0,metrics
1776377302.8950317,1499,anchor_data,16.534,True,0,tl_state
1776377302.941495,1500,anchor_data,19.319,True,0,metrics
1776377302.959628,1500,anchor_data,18.009,True,0,tl_state
1776377302.97845,1500,anchor_batch,18.707,True,51,vehicles
1776377303.0267038,1501,anchor_data,18.989,True,0,metrics
1776377303.0429373,1501,anchor_data,16.164,True,0,tl_state
1776377303.0851736,1502,anchor_data,15.768,True,0,metrics
1776377303.1011238,1502,anchor_data,15.875,True,0,tl_state
1776377303.1410754,1503,anchor_data,17.414,True,0,metrics
1776377303.156351,1503,anchor_data,15.19,True,0,tl_state
1776377303.1952424,1504,anchor_data,17.771,True,0,metrics
1776377303.209837,1504,anchor_data,14.521,True,0,tl_state
1776377303.2493649,1505,anchor_data,16.078,True,0,metrics
1776377303.2650542,1505,anchor_data,15.607,True,0,tl_state
1776377303.2800157,1505,anchor_batch,14.846,True,50,vehicles
1776377303.3197052,1506,anchor_data,15.391,True,0,metrics
1776377303.3326526,1506,anchor_data,12.876,True,0,tl_state
1776377303.3699763,1507,anchor_data,15.227,True,0,metrics
1776377303.3835037,1507,anchor_data,13.458,True,0,tl_state
1776377303.4186106,1508,anchor_data,15.201,True,0,metrics
1776377303.4331434,1508,anchor_data,14.463,True,0,tl_state
1776377303.4711154,1509,anchor_data,15.074,True,0,metrics
1776377303.4868789,1509,anchor_data,15.693,True,0,tl_state
1776377303.5260377,1510,anchor_data,17.878,True,0,metrics
1776377303.5404036,1510,anchor_data,14.3,True,0,tl_state
1776377303.5602944,1510,anchor_batch,19.813,True,48,vehicles
1776377303.6086383,1511,anchor_data,18.979,True,0,metrics
1776377303.6259072,1511,anchor_data,17.193,True,0,tl_state
1776377303.6673532,1512,anchor_data,18.293,True,0,metrics
1776377303.6819532,1512,anchor_data,14.521,True,0,tl_state
1776377303.7199492,1513,anchor_data,16.523,True,0,metrics
1776377303.735632,1513,anchor_data,15.611,True,0,tl_state
1776377303.7756724,1514,anchor_data,16.795,True,0,metrics
1776377303.792348,1514,anchor_data,16.575,True,0,tl_state
1776377303.837981,1515,anchor_data,20.066,True,0,metrics
1776377303.866261,1515,anchor_data,28.185,True,0,tl_state
1776377303.8966305,1515,anchor_batch,30.269,True,48,vehicles
1776377303.946621,1516,anchor_data,18.705,True,0,metrics
1776377303.962957,1516,anchor_data,16.268,True,0,tl_state
1776377304.004714,1517,anchor_data,16.823,True,0,metrics
1776377304.022668,1517,anchor_data,17.857,True,0,tl_state
1776377304.0618415,1518,anchor_data,16.692,True,0,metrics
1776377304.0777183,1518,anchor_data,15.805,True,0,tl_state
1776377304.118082,1519,anchor_data,16.318,True,0,metrics
1776377304.1328351,1519,anchor_data,14.668,True,0,tl_state
1776377304.1752076,1520,anchor_data,17.801,True,0,metrics
1776377304.1898735,1520,anchor_data,14.598,True,0,tl_state
1776377304.2046099,1520,anchor_batch,14.666,True,50,vehicles
1776377304.247388,1521,anchor_data,15.294,True,0,metrics
1776377304.2633138,1521,anchor_data,15.835,True,0,tl_state
1776377304.303418,1522,anchor_data,16.085,True,0,metrics
1776377304.3186307,1522,anchor_data,15.139,True,0,tl_state
1776377304.3600814,1523,anchor_data,18.324,True,0,metrics
1776377304.3780005,1523,anchor_data,17.808,True,0,tl_state
1776377304.4165297,1524,anchor_data,16.159,True,0,metrics
1776377304.43122,1524,anchor_data,14.613,True,0,tl_state
1776377304.471607,1525,anchor_data,16.88,True,0,metrics
1776377304.4864912,1525,anchor_data,14.805,True,0,tl_state
1776377304.5013216,1525,anchor_batch,14.76,True,51,vehicles
1776377304.5416412,1526,anchor_data,15.853,True,0,metrics
1776377304.5569909,1526,anchor_data,15.281,True,0,tl_state
1776377304.5993242,1527,anchor_data,19.937,True,0,metrics
1776377304.6155005,1527,anchor_data,16.096,True,0,tl_state
1776377304.661436,1528,anchor_data,19.141,True,0,metrics
1776377304.679147,1528,anchor_data,17.641,True,0,tl_state
1776377304.7209644,1529,anchor_data,18.368,True,0,metrics
1776377304.7368577,1529,anchor_data,15.818,True,0,tl_state
1776377304.7790177,1530,anchor_data,16.411,True,0,metrics
1776377304.794513,1530,anchor_data,15.424,True,0,tl_state
1776377304.8097162,1530,anchor_batch,15.134,True,52,vehicles
1776377304.8531964,1531,anchor_data,16.582,True,0,metrics
1776377304.868157,1531,anchor_data,14.89,True,0,tl_state
1776377304.9113975,1532,anchor_data,15.63,True,0,metrics
1776377304.927222,1532,anchor_data,15.757,True,0,tl_state
1776377304.9677713,1533,anchor_data,15.54,True,0,metrics
1776377304.9844549,1533,anchor_data,16.611,True,0,tl_state
1776377305.0272603,1534,anchor_data,17.299,True,0,metrics
1776377305.0440862,1534,anchor_data,16.757,True,0,tl_state
1776377305.0880034,1535,anchor_data,17.362,True,0,metrics
1776377305.1067212,1535,anchor_data,18.591,True,0,tl_state
1776377305.1246626,1535,anchor_batch,17.827,True,55,vehicles
1776377305.1706488,1536,anchor_data,18.552,True,0,metrics
1776377305.1920612,1536,anchor_data,21.324,True,0,tl_state
1776377305.2359798,1537,anchor_data,18.819,True,0,metrics
1776377305.2538311,1537,anchor_data,17.774,True,0,tl_state
1776377305.2961924,1538,anchor_data,16.885,True,0,metrics
1776377305.3120852,1538,anchor_data,15.825,True,0,tl_state
1776377305.3541543,1539,anchor_data,17.139,True,0,metrics
1776377305.3720758,1539,anchor_data,17.816,True,0,tl_state
1776377305.4151907,1540,anchor_data,18.036,True,0,metrics
1776377305.4311008,1540,anchor_data,15.819,True,0,tl_state
1776377305.4494162,1540,anchor_batch,18.227,True,56,vehicles
1776377305.4937115,1541,anchor_data,16.746,True,0,metrics
1776377305.508345,1541,anchor_data,14.529,True,0,tl_state
1776377305.551453,1542,anchor_data,16.107,True,0,metrics
1776377305.5685222,1542,anchor_data,16.987,True,0,tl_state
1776377305.61091,1543,anchor_data,17.27,True,0,metrics
1776377305.629032,1543,anchor_data,18.048,True,0,tl_state
1776377305.6805413,1544,anchor_data,20.399,True,0,metrics
1776377305.69751,1544,anchor_data,16.875,True,0,tl_state
1776377305.7410824,1545,anchor_data,16.831,True,0,metrics
1776377305.7567227,1545,anchor_data,15.562,True,0,tl_state
1776377305.7757356,1545,anchor_batch,18.894,True,53,vehicles
1776377305.8185897,1546,anchor_data,17.897,True,0,metrics
1776377305.83349,1546,anchor_data,14.824,True,0,tl_state
1776377305.8745313,1547,anchor_data,17.57,True,0,metrics
1776377305.8906727,1547,anchor_data,16.067,True,0,tl_state
1776377305.9295893,1548,anchor_data,15.982,True,0,metrics
1776377305.9471157,1548,anchor_data,17.458,True,0,tl_state
1776377306.0023942,1549,anchor_data,23.543,True,0,metrics
1776377306.0221336,1549,anchor_data,19.666,True,0,tl_state
1776377306.0680978,1550,anchor_data,17.366,True,0,metrics
1776377306.086243,1550,anchor_data,18.057,True,0,tl_state
1776377306.1023517,1550,anchor_batch,15.972,True,48,vehicles
1776377306.1556938,1551,anchor_data,19.753,True,0,metrics
1776377306.1718209,1551,anchor_data,16.054,True,0,tl_state
1776377306.2183127,1552,anchor_data,18.041,True,0,metrics
1776377306.235636,1552,anchor_data,17.242,True,0,tl_state
1776377306.2762456,1553,anchor_data,16.871,True,0,metrics
1776377306.2946084,1553,anchor_data,18.247,True,0,tl_state
1776377306.3358855,1554,anchor_data,17.306,True,0,metrics
1776377306.3507347,1554,anchor_data,14.745,True,0,tl_state
1776377306.3957183,1555,anchor_data,18.6,True,0,metrics
1776377306.4143205,1555,anchor_data,18.489,True,0,tl_state
1776377306.4348505,1555,anchor_batch,20.402,True,48,vehicles
1776377306.4786422,1556,anchor_data,15.265,True,0,metrics
1776377306.4946156,1556,anchor_data,15.9,True,0,tl_state
1776377306.535529,1557,anchor_data,17.163,True,0,metrics
1776377306.550212,1557,anchor_data,14.603,True,0,tl_state
1776377306.5906875,1558,anchor_data,16.797,True,0,metrics
1776377306.608758,1558,anchor_data,17.96,True,0,tl_state
1776377306.6547544,1559,anchor_data,18.288,True,0,metrics
1776377306.6726906,1559,anchor_data,17.869,True,0,tl_state
1776377306.7163973,1560,anchor_data,16.588,True,0,metrics
1776377306.732813,1560,anchor_data,16.332,True,0,tl_state
1776377306.7485545,1560,anchor_batch,15.653,True,49,vehicles
1776377306.7924287,1561,anchor_data,18.149,True,0,metrics
1776377306.812182,1561,anchor_data,19.676,True,0,tl_state
1776377306.8519793,1562,anchor_data,16.619,True,0,metrics
1776377306.8686755,1562,anchor_data,16.624,True,0,tl_state
1776377306.9102035,1563,anchor_data,16.73,True,0,metrics
1776377306.9294121,1563,anchor_data,19.13,True,0,tl_state
1776377306.9677572,1564,anchor_data,15.465,True,0,metrics
1776377306.9817696,1564,anchor_data,13.946,True,0,tl_state
1776377307.020379,1565,anchor_data,16.471,True,0,metrics
1776377307.036018,1565,anchor_data,15.512,True,0,tl_state
1776377307.0536258,1565,anchor_batch,17.524,True,47,vehicles
1776377307.09719,1566,anchor_data,21.586,True,0,metrics
1776377307.1151788,1566,anchor_data,17.9,True,0,tl_state
1776377307.1648862,1567,anchor_data,23.089,True,0,metrics
1776377307.185252,1567,anchor_data,20.251,True,0,tl_state
1776377307.2291038,1568,anchor_data,17.009,True,0,metrics
1776377307.24382,1568,anchor_data,14.644,True,0,tl_state
1776377307.2835147,1569,anchor_data,16.833,True,0,metrics
1776377307.3007634,1569,anchor_data,17.17,True,0,tl_state
1776377307.3383093,1570,anchor_data,15.477,True,0,metrics
1776377307.3538656,1570,anchor_data,15.487,True,0,tl_state
1776377307.3700511,1570,anchor_batch,16.113,True,47,vehicles
1776377307.4106462,1571,anchor_data,16.383,True,0,metrics
1776377307.4259007,1571,anchor_data,15.181,True,0,tl_state
1776377307.4691064,1572,anchor_data,18.878,True,0,metrics
1776377307.4855876,1572,anchor_data,16.399,True,0,tl_state
1776377307.5308976,1573,anchor_data,20.206,True,0,metrics
1776377307.5479417,1573,anchor_data,16.971,True,0,tl_state
1776377307.590828,1574,anchor_data,20.05,True,0,metrics
1776377307.6092498,1574,anchor_data,18.352,True,0,tl_state
1776377307.6498718,1575,anchor_data,17.41,True,0,metrics
1776377307.6666083,1575,anchor_data,16.634,True,0,tl_state
1776377307.6853228,1575,anchor_batch,18.591,True,48,vehicles
1776377307.7304301,1576,anchor_data,19.856,True,0,metrics
1776377307.7485876,1576,anchor_data,18.066,True,0,tl_state
1776377307.792333,1577,anchor_data,18.558,True,0,metrics
1776377307.8111079,1577,anchor_data,18.699,True,0,tl_state
1776377307.8596315,1578,anchor_data,25.421,True,0,metrics
1776377307.8912983,1578,anchor_data,31.575,True,0,tl_state
1776377307.9411938,1579,anchor_data,17.62,True,0,metrics
1776377307.959069,1579,anchor_data,17.776,True,0,tl_state
1776377308.000577,1580,anchor_data,17.033,True,0,metrics
1776377308.017921,1580,anchor_data,17.259,True,0,tl_state
1776377308.0364041,1580,anchor_batch,18.379,True,48,vehicles
1776377308.0779634,1581,anchor_data,16.475,True,0,metrics
1776377308.0949397,1581,anchor_data,16.905,True,0,tl_state
1776377308.1370182,1582,anchor_data,16.991,True,0,metrics
1776377308.153146,1582,anchor_data,16.033,True,0,tl_state
1776377308.1942232,1583,anchor_data,15.853,True,0,metrics
1776377308.2085142,1583,anchor_data,14.189,True,0,tl_state
1776377308.2471337,1584,anchor_data,15.179,True,0,metrics
1776377308.2657952,1584,anchor_data,18.578,True,0,tl_state
1776377308.3126795,1585,anchor_data,18.144,True,0,metrics
1776377308.3296738,1585,anchor_data,16.919,True,0,tl_state
1776377308.3524294,1585,anchor_batch,22.617,True,51,vehicles
1776377308.4130442,1586,anchor_data,24.801,True,0,metrics
1776377308.4403634,1586,anchor_data,27.222,True,0,tl_state
1776377308.5096593,1587,anchor_data,32.371,True,0,metrics
1776377308.5327113,1587,anchor_data,22.96,True,0,tl_state
1776377308.5909016,1588,anchor_data,27.908,True,0,metrics
1776377308.6191533,1588,anchor_data,28.153,True,0,tl_state
1776377308.6714177,1589,anchor_data,23.181,True,0,metrics
1776377308.691925,1589,anchor_data,20.401,True,0,tl_state
1776377308.7457798,1590,anchor_data,24.021,True,0,metrics
1776377308.7716022,1590,anchor_data,25.733,True,0,tl_state
1776377308.7954142,1590,anchor_batch,23.724,True,53,vehicles
1776377308.845521,1591,anchor_data,20.336,True,0,metrics
1776377308.864275,1591,anchor_data,18.674,True,0,tl_state
1776377308.911321,1592,anchor_data,19.389,True,0,metrics
1776377308.929095,1592,anchor_data,17.697,True,0,tl_state
1776377308.9748821,1593,anchor_data,18.243,True,0,metrics
1776377308.9952095,1593,anchor_data,20.25,True,0,tl_state
1776377309.057912,1594,anchor_data,28.821,True,0,metrics
1776377309.0848522,1594,anchor_data,26.84,True,0,tl_state
1776377309.1404831,1595,anchor_data,23.611,True,0,metrics
1776377309.1704876,1595,anchor_data,29.922,True,0,tl_state
1776377309.2036796,1595,anchor_batch,32.944,True,56,vehicles
1776377309.2710917,1596,anchor_data,24.691,True,0,metrics
1776377309.2946267,1596,anchor_data,23.446,True,0,tl_state
1776377309.3577743,1597,anchor_data,24.798,True,0,metrics
1776377309.3858125,1597,anchor_data,27.953,True,0,tl_state
1776377309.4533029,1598,anchor_data,33.745,True,0,metrics
1776377309.4724019,1598,anchor_data,19.023,True,0,tl_state
1776377309.5253296,1599,anchor_data,23.04,True,0,metrics
1776377309.5440996,1599,anchor_data,18.572,True,0,tl_state
1776377309.5882103,1600,anchor_data,18.952,True,0,metrics
1776377309.6071818,1600,anchor_data,18.891,True,0,tl_state
1776377309.625619,1600,anchor_batch,18.343,True,55,vehicles
1776377309.675991,1601,anchor_data,19.703,True,0,metrics
1776377309.6953347,1601,anchor_data,19.232,True,0,tl_state
1776377309.7450018,1602,anchor_data,22.373,True,0,metrics
1776377309.764378,1602,anchor_data,19.284,True,0,tl_state
1776377309.8090396,1603,anchor_data,19.129,True,0,metrics
1776377309.8273923,1603,anchor_data,18.21,True,0,tl_state
1776377309.8681533,1604,anchor_data,17.527,True,0,metrics
1776377309.8878691,1604,anchor_data,19.625,True,0,tl_state
1776377309.9368353,1605,anchor_data,20.288,True,0,metrics
1776377309.9556115,1605,anchor_data,18.691,True,0,tl_state
1776377309.9743426,1605,anchor_batch,18.648,True,53,vehicles
1776377310.0223196,1606,anchor_data,20.596,True,0,metrics
1776377310.0426579,1606,anchor_data,20.186,True,0,tl_state
1776377310.087318,1607,anchor_data,18.671,True,0,metrics
1776377310.1060922,1607,anchor_data,18.696,True,0,tl_state
1776377310.1630378,1608,anchor_data,31.084,True,0,metrics
1776377310.189538,1608,anchor_data,25.909,True,0,tl_state
1776377310.240627,1609,anchor_data,19.674,True,0,metrics
1776377310.2590559,1609,anchor_data,18.289,True,0,tl_state
1776377310.3008788,1610,anchor_data,20.866,True,0,metrics
1776377310.322179,1610,anchor_data,21.202,True,0,tl_state
1776377310.3382704,1610,anchor_batch,16.019,True,50,vehicles
1776377310.3842592,1611,anchor_data,20.111,True,0,metrics
1776377310.4013622,1611,anchor_data,17.018,True,0,tl_state
1776377310.4422824,1612,anchor_data,17.602,True,0,metrics
1776377310.4615147,1612,anchor_data,19.126,True,0,tl_state
1776377310.5019608,1613,anchor_data,18.025,True,0,metrics
1776377310.519402,1613,anchor_data,17.36,True,0,tl_state
1776377310.5643704,1614,anchor_data,21.097,True,0,metrics
1776377310.5811021,1614,anchor_data,16.608,True,0,tl_state
1776377310.6244,1615,anchor_data,19.171,True,0,metrics
1776377310.6429381,1615,anchor_data,18.441,True,0,tl_state
1776377310.6589255,1615,anchor_batch,15.835,True,49,vehicles
1776377310.702877,1616,anchor_data,18.67,True,0,metrics
1776377310.7212284,1616,anchor_data,18.24,True,0,tl_state
1776377310.7745235,1617,anchor_data,18.404,True,0,metrics
1776377310.7961042,1617,anchor_data,21.438,True,0,tl_state
1776377310.8377535,1618,anchor_data,18.257,True,0,metrics
1776377310.8555284,1618,anchor_data,17.691,True,0,tl_state
1776377310.8966298,1619,anchor_data,17.783,True,0,metrics
1776377310.9148562,1619,anchor_data,18.106,True,0,tl_state
1776377310.9582264,1620,anchor_data,20.238,True,0,metrics
1776377310.9773052,1620,anchor_data,18.999,True,0,tl_state
1776377310.9952285,1620,anchor_batch,17.838,True,50,vehicles
1776377311.0415118,1621,anchor_data,19.595,True,0,metrics
1776377311.0606678,1621,anchor_data,19.075,True,0,tl_state
1776377311.1036494,1622,anchor_data,19.544,True,0,metrics
1776377311.1220474,1622,anchor_data,18.27,True,0,tl_state
1776377311.1639402,1623,anchor_data,19.684,True,0,metrics
1776377311.1835797,1623,anchor_data,19.544,True,0,tl_state
1776377311.2277422,1624,anchor_data,20.032,True,0,metrics
1776377311.2472675,1624,anchor_data,19.375,True,0,tl_state
1776377311.2887163,1625,anchor_data,18.595,True,0,metrics
1776377311.3074603,1625,anchor_data,18.657,True,0,tl_state
1776377311.3230443,1625,anchor_batch,15.496,True,51,vehicles
1776377311.3777695,1626,anchor_data,21.624,True,0,metrics
1776377311.4010556,1626,anchor_data,23.194,True,0,tl_state
1776377311.4447207,1627,anchor_data,20.146,True,0,metrics
1776377311.463747,1627,anchor_data,18.851,True,0,tl_state
1776377311.5048852,1628,anchor_data,17.721,True,0,metrics
1776377311.5222783,1628,anchor_data,17.313,True,0,tl_state
1776377311.5682366,1629,anchor_data,17.226,True,0,metrics
1776377311.5864282,1629,anchor_data,18.095,True,0,tl_state
1776377311.6271982,1630,anchor_data,18.326,True,0,metrics
1776377311.6461751,1630,anchor_data,18.856,True,0,tl_state
1776377311.6615405,1630,anchor_batch,15.295,True,52,vehicles
1776377311.7066119,1631,anchor_data,19.825,True,0,metrics
1776377311.7250676,1631,anchor_data,18.371,True,0,tl_state
1776377311.7655392,1632,anchor_data,18.608,True,0,metrics
1776377311.784661,1632,anchor_data,19.031,True,0,tl_state
1776377311.827878,1633,anchor_data,18.444,True,0,metrics
1776377311.8461864,1633,anchor_data,18.216,True,0,tl_state
1776377311.8910785,1634,anchor_data,18.455,True,0,metrics
1776377311.9110677,1634,anchor_data,19.899,True,0,tl_state
1776377311.9564254,1635,anchor_data,20.726,True,0,metrics
1776377311.9750285,1635,anchor_data,18.508,True,0,tl_state
1776377311.990276,1635,anchor_batch,15.171,True,53,vehicles
1776377312.0352137,1636,anchor_data,18.886,True,0,metrics
1776377312.0552592,1636,anchor_data,19.763,True,0,tl_state
1776377312.0996118,1637,anchor_data,20.108,True,0,metrics
1776377312.118287,1637,anchor_data,18.578,True,0,tl_state
1776377312.1621075,1638,anchor_data,18.58,True,0,metrics
1776377312.1826577,1638,anchor_data,20.462,True,0,tl_state
1776377312.238911,1639,anchor_data,25.883,True,0,metrics
1776377312.2617922,1639,anchor_data,22.783,True,0,tl_state
1776377312.3066223,1640,anchor_data,17.788,True,0,metrics
1776377312.3255541,1640,anchor_data,18.853,True,0,tl_state
1776377312.3413343,1640,anchor_batch,15.71,True,52,vehicles
1776377312.3886573,1641,anchor_data,20.601,True,0,metrics
1776377312.4112618,1641,anchor_data,22.496,True,0,tl_state
1776377312.4553404,1642,anchor_data,19.204,True,0,metrics
1776377312.4737475,1642,anchor_data,18.326,True,0,tl_state
1776377312.5171773,1643,anchor_data,19.833,True,0,metrics
1776377312.5344117,1643,anchor_data,17.151,True,0,tl_state
1776377312.5791478,1644,anchor_data,21.227,True,0,metrics
1776377312.595727,1644,anchor_data,16.489,True,0,tl_state
1776377312.6394882,1645,anchor_data,17.258,True,0,metrics
1776377312.6592503,1645,anchor_data,19.683,True,0,tl_state
1776377312.6745849,1645,anchor_batch,15.255,True,55,vehicles
1776377312.7227702,1646,anchor_data,18.785,True,0,metrics
1776377312.741705,1646,anchor_data,18.769,True,0,tl_state
1776377312.785375,1647,anchor_data,17.835,True,0,metrics
1776377312.8032486,1647,anchor_data,17.747,True,0,tl_state
1776377312.8469148,1648,anchor_data,19.096,True,0,metrics
1776377312.8650312,1648,anchor_data,17.974,True,0,tl_state
1776377312.9115589,1649,anchor_data,19.604,True,0,metrics
1776377312.9309428,1649,anchor_data,19.301,True,0,tl_state
1776377312.9840794,1650,anchor_data,29.002,True,0,metrics
1776377313.001133,1650,anchor_data,16.949,True,0,tl_state
1776377313.0174253,1650,anchor_batch,16.205,True,55,vehicles
1776377313.0691538,1651,anchor_data,19.909,True,0,metrics
1776377313.08883,1651,anchor_data,19.551,True,0,tl_state
1776377313.131068,1652,anchor_data,17.561,True,0,metrics
1776377313.1493878,1652,anchor_data,18.165,True,0,tl_state
1776377313.1921134,1653,anchor_data,18.939,True,0,metrics
1776377313.2094984,1653,anchor_data,17.275,True,0,tl_state
1776377313.253936,1654,anchor_data,19.917,True,0,metrics
1776377313.2719738,1654,anchor_data,17.956,True,0,tl_state
1776377313.3124676,1655,anchor_data,17.156,True,0,metrics
1776377313.3302832,1655,anchor_data,17.668,True,0,tl_state
1776377313.3452177,1655,anchor_batch,14.843,True,56,vehicles
1776377313.3967435,1656,anchor_data,21.569,True,0,metrics
1776377313.4133906,1656,anchor_data,16.55,True,0,tl_state
1776377313.4570715,1657,anchor_data,18.283,True,0,metrics
1776377313.4751992,1657,anchor_data,17.984,True,0,tl_state
1776377313.5164444,1658,anchor_data,16.929,True,0,metrics
1776377313.535055,1658,anchor_data,18.522,True,0,tl_state
1776377313.582623,1659,anchor_data,23.469,True,0,metrics
1776377313.6020656,1659,anchor_data,19.339,True,0,tl_state
1776377313.6535492,1660,anchor_data,20.428,True,0,metrics
1776377313.6729865,1660,anchor_data,19.351,True,0,tl_state
1776377313.693861,1660,anchor_batch,20.742,True,55,vehicles
1776377313.741735,1661,anchor_data,18.369,True,0,metrics
1776377313.7598886,1661,anchor_data,18.066,True,0,tl_state
1776377313.8083181,1662,anchor_data,21.251,True,0,metrics
1776377313.8302982,1662,anchor_data,21.862,True,0,tl_state
1776377313.8755531,1663,anchor_data,18.95,True,0,metrics
1776377313.8941069,1663,anchor_data,18.46,True,0,tl_state
1776377313.9382062,1664,anchor_data,18.485,True,0,metrics
1776377313.9559383,1664,anchor_data,17.64,True,0,tl_state
1776377314.0004706,1665,anchor_data,18.434,True,0,metrics
1776377314.018425,1665,anchor_data,17.846,True,0,tl_state
1776377314.0337186,1665,anchor_batch,15.212,True,57,vehicles
1776377314.0779984,1666,anchor_data,17.05,True,0,metrics
1776377314.0971658,1666,anchor_data,19.084,True,0,tl_state
1776377314.1432548,1667,anchor_data,20.804,True,0,metrics
1776377314.1613214,1667,anchor_data,17.979,True,0,tl_state
1776377314.2045517,1668,anchor_data,17.336,True,0,metrics
1776377314.2213974,1668,anchor_data,16.747,True,0,tl_state
1776377314.2675807,1669,anchor_data,18.678,True,0,metrics
1776377314.2876477,1669,anchor_data,19.948,True,0,tl_state
1776377314.332621,1670,anchor_data,18.21,True,0,metrics
1776377314.3541126,1670,anchor_data,21.401,True,0,tl_state
1776377314.379385,1670,anchor_batch,25.185,True,56,vehicles
1776377314.436322,1671,anchor_data,18.039,True,0,metrics
1776377314.4523342,1671,anchor_data,15.931,True,0,tl_state
1776377314.4976072,1672,anchor_data,18.885,True,0,metrics
1776377314.516173,1672,anchor_data,18.474,True,0,tl_state
1776377314.5608704,1673,anchor_data,18.499,True,0,metrics
1776377314.5801818,1673,anchor_data,19.224,True,0,tl_state
1776377314.6274636,1674,anchor_data,21.041,True,0,metrics
1776377314.6461344,1674,anchor_data,18.574,True,0,tl_state
1776377314.694356,1675,anchor_data,20.565,True,0,metrics
1776377314.7167654,1675,anchor_data,22.321,True,0,tl_state
1776377314.7335198,1675,anchor_batch,16.675,True,58,vehicles
1776377314.7837815,1676,anchor_data,19.662,True,0,metrics
1776377314.802649,1676,anchor_data,18.669,True,0,tl_state
1776377314.8485518,1677,anchor_data,19.672,True,0,metrics
1776377314.8667243,1677,anchor_data,18.086,True,0,tl_state
1776377314.9151754,1678,anchor_data,20.391,True,0,metrics
1776377314.9334254,1678,anchor_data,18.146,True,0,tl_state
1776377314.9918964,1679,anchor_data,29.566,True,0,metrics
1776377315.0090775,1679,anchor_data,17.099,True,0,tl_state
1776377315.055487,1680,anchor_data,19.001,True,0,metrics
1776377315.0753887,1680,anchor_data,19.765,True,0,tl_state
1776377315.0935752,1680,anchor_batch,18.081,True,59,vehicles
1776377315.1422288,1681,anchor_data,20.458,True,0,metrics
1776377315.1656528,1681,anchor_data,23.328,True,0,tl_state
1776377315.2153206,1682,anchor_data,17.576,True,0,metrics
1776377315.2354183,1682,anchor_data,20.0,True,0,tl_state
1776377315.2820983,1683,anchor_data,18.84,True,0,metrics
1776377315.2993007,1683,anchor_data,17.048,True,0,tl_state
1776377315.3454125,1684,anchor_data,19.876,True,0,metrics
1776377315.3624692,1684,anchor_data,16.938,True,0,tl_state
1776377315.4082854,1685,anchor_data,18.893,True,0,metrics
1776377315.426827,1685,anchor_data,18.403,True,0,tl_state
1776377315.441911,1685,anchor_batch,15.005,True,61,vehicles
1776377315.4896424,1686,anchor_data,18.932,True,0,metrics
1776377315.5078268,1686,anchor_data,18.109,True,0,tl_state
1776377315.551853,1687,anchor_data,18.346,True,0,metrics
1776377315.5710158,1687,anchor_data,18.971,True,0,tl_state
1776377315.619807,1688,anchor_data,17.602,True,0,metrics
1776377315.6382463,1688,anchor_data,18.358,True,0,tl_state
1776377315.689492,1689,anchor_data,20.36,True,0,metrics
1776377315.7097478,1689,anchor_data,20.171,True,0,tl_state
1776377315.761239,1690,anchor_data,18.709,True,0,metrics
1776377315.7811642,1690,anchor_data,19.843,True,0,tl_state
1776377315.7983785,1690,anchor_batch,17.109,True,62,vehicles
1776377315.848771,1691,anchor_data,18.747,True,0,metrics
1776377315.8675013,1691,anchor_data,18.649,True,0,tl_state
1776377315.9206295,1692,anchor_data,20.902,True,0,metrics
1776377315.9427326,1692,anchor_data,21.944,True,0,tl_state
1776377315.9896405,1693,anchor_data,18.113,True,0,metrics
1776377316.0086021,1693,anchor_data,18.861,True,0,tl_state
1776377316.0613163,1694,anchor_data,22.428,True,0,metrics
1776377316.0805588,1694,anchor_data,19.096,True,0,tl_state
1776377316.1350255,1695,anchor_data,21.531,True,0,metrics
1776377316.155205,1695,anchor_data,20.027,True,0,tl_state
1776377316.1748643,1695,anchor_batch,19.488,True,65,vehicles
1776377316.2263803,1696,anchor_data,20.414,True,0,metrics
1776377316.2435946,1696,anchor_data,17.117,True,0,tl_state
1776377316.2916582,1697,anchor_data,19.066,True,0,metrics
1776377316.3111603,1697,anchor_data,19.412,True,0,tl_state
1776377316.3610988,1698,anchor_data,19.027,True,0,metrics
1776377316.379095,1698,anchor_data,17.862,True,0,tl_state
1776377316.4294293,1699,anchor_data,21.148,True,0,metrics
1776377316.4486132,1699,anchor_data,19.02,True,0,tl_state
1776377316.4973714,1700,anchor_data,19.823,True,0,metrics
1776377316.5179267,1700,anchor_data,20.457,True,0,tl_state
1776377316.5357928,1700,anchor_batch,17.782,True,64,vehicles
1776377316.604991,1701,anchor_data,29.066,True,0,metrics
1776377316.6291876,1701,anchor_data,24.096,True,0,tl_state
1776377316.6865184,1702,anchor_data,19.84,True,0,metrics
1776377316.7052069,1702,anchor_data,18.595,True,0,tl_state
1776377316.7553172,1703,anchor_data,19.087,True,0,metrics
1776377316.7735445,1703,anchor_data,18.14,True,0,tl_state
1776377316.8238378,1704,anchor_data,19.135,True,0,metrics
1776377316.8515844,1704,anchor_data,27.649,True,0,tl_state
1776377316.918483,1705,anchor_data,21.938,True,0,metrics
1776377316.9366045,1705,anchor_data,18.028,True,0,tl_state
1776377316.9546034,1705,anchor_batch,17.893,True,63,vehicles
1776377317.0088956,1706,anchor_data,21.394,True,0,metrics
1776377317.0265532,1706,anchor_data,17.524,True,0,tl_state
1776377317.0804753,1707,anchor_data,23.995,True,0,metrics
1776377317.0999248,1707,anchor_data,19.234,True,0,tl_state
1776377317.1550725,1708,anchor_data,21.242,True,0,metrics
1776377317.176239,1708,anchor_data,20.916,True,0,tl_state
1776377317.2279704,1709,anchor_data,20.337,True,0,metrics
1776377317.2462358,1709,anchor_data,18.098,True,0,tl_state
1776377317.2961483,1710,anchor_data,19.419,True,0,metrics
1776377317.315197,1710,anchor_data,18.925,True,0,tl_state
1776377317.3338351,1710,anchor_batch,18.439,True,62,vehicles
1776377317.3848236,1711,anchor_data,19.948,True,0,metrics
1776377317.4057813,1711,anchor_data,20.863,True,0,tl_state
1776377317.4534774,1712,anchor_data,18.135,True,0,metrics
1776377317.4726105,1712,anchor_data,19.051,True,0,tl_state
1776377317.5176458,1713,anchor_data,17.936,True,0,metrics
1776377317.5363393,1713,anchor_data,18.602,True,0,tl_state
1776377317.5786483,1714,anchor_data,18.115,True,0,metrics
1776377317.598017,1714,anchor_data,19.283,True,0,tl_state
1776377317.6476214,1715,anchor_data,20.53,True,0,metrics
1776377317.667032,1715,anchor_data,19.246,True,0,tl_state
1776377317.6861722,1715,anchor_batch,19.026,True,60,vehicles
1776377317.7369068,1716,anchor_data,20.042,True,0,metrics
1776377317.7560387,1716,anchor_data,19.055,True,0,tl_state
1776377317.8089898,1717,anchor_data,20.179,True,0,metrics
1776377317.8291535,1717,anchor_data,20.056,True,0,tl_state
1776377317.8807907,1718,anchor_data,21.382,True,0,metrics
1776377317.9000733,1718,anchor_data,19.137,True,0,tl_state
1776377317.9455419,1719,anchor_data,19.188,True,0,metrics
1776377317.967003,1719,anchor_data,21.37,True,0,tl_state
1776377318.013861,1720,anchor_data,20.863,True,0,metrics
1776377318.0343049,1720,anchor_data,20.299,True,0,tl_state
1776377318.0538466,1720,anchor_batch,19.436,True,58,vehicles
1776377318.109692,1721,anchor_data,20.859,True,0,metrics
1776377318.1325357,1721,anchor_data,22.764,True,0,tl_state
1776377318.1845205,1722,anchor_data,22.121,True,0,metrics
1776377318.2038312,1722,anchor_data,19.213,True,0,tl_state
1776377318.254875,1723,anchor_data,20.597,True,0,metrics
1776377318.2717345,1723,anchor_data,16.768,True,0,tl_state
1776377318.3194852,1724,anchor_data,19.726,True,0,metrics
1776377318.3367865,1724,anchor_data,17.217,True,0,tl_state
1776377318.3856277,1725,anchor_data,19.139,True,0,metrics
1776377318.4055882,1725,anchor_data,19.873,True,0,tl_state
1776377318.4240618,1725,anchor_batch,18.366,True,57,vehicles
1776377318.4696329,1726,anchor_data,17.513,True,0,metrics
1776377318.488664,1726,anchor_data,18.892,True,0,tl_state
1776377318.5334668,1727,anchor_data,18.517,True,0,metrics
1776377318.553302,1727,anchor_data,19.741,True,0,tl_state
1776377318.5960538,1728,anchor_data,18.922,True,0,metrics
1776377318.6145136,1728,anchor_data,18.35,True,0,tl_state
1776377318.6605043,1729,anchor_data,21.714,True,0,metrics
1776377318.686065,1729,anchor_data,25.47,True,0,tl_state
1776377318.7343807,1730,anchor_data,19.894,True,0,metrics
1776377318.753235,1730,anchor_data,18.738,True,0,tl_state
1776377318.7721193,1730,anchor_batch,18.803,True,57,vehicles
1776377318.820065,1731,anchor_data,17.462,True,0,metrics
1776377318.838014,1731,anchor_data,17.878,True,0,tl_state
1776377318.8837347,1732,anchor_data,18.719,True,0,metrics
1776377318.900975,1732,anchor_data,17.1,True,0,tl_state
1776377318.9456203,1733,anchor_data,18.877,True,0,metrics
1776377318.9640381,1733,anchor_data,18.339,True,0,tl_state
1776377319.0124817,1734,anchor_data,23.838,True,0,metrics
1776377319.047368,1734,anchor_data,34.785,True,0,tl_state
1776377319.1022348,1735,anchor_data,17.814,True,0,metrics
1776377319.1205082,1735,anchor_data,18.196,True,0,tl_state
1776377319.1391082,1735,anchor_batch,18.45,True,58,vehicles
1776377319.1862288,1736,anchor_data,19.836,True,0,metrics
1776377319.2066324,1736,anchor_data,20.242,True,0,tl_state
1776377319.2527523,1737,anchor_data,18.844,True,0,metrics
1776377319.2706895,1737,anchor_data,17.854,True,0,tl_state
1776377319.3141146,1738,anchor_data,18.209,True,0,metrics
1776377319.3345609,1738,anchor_data,20.348,True,0,tl_state
1776377319.3816416,1739,anchor_data,17.852,True,0,metrics
1776377319.3993833,1739,anchor_data,17.633,True,0,tl_state
1776377319.4457674,1740,anchor_data,19.167,True,0,metrics
1776377319.464553,1740,anchor_data,18.649,True,0,tl_state
1776377319.4829793,1740,anchor_batch,18.337,True,60,vehicles
1776377319.5318015,1741,anchor_data,20.57,True,0,metrics
1776377319.5512996,1741,anchor_data,19.392,True,0,tl_state
1776377319.5955217,1742,anchor_data,19.004,True,0,metrics
1776377319.6156242,1742,anchor_data,19.836,True,0,tl_state
1776377319.6620083,1743,anchor_data,20.521,True,0,metrics
1776377319.679428,1743,anchor_data,17.325,True,0,tl_state
1776377319.7248337,1744,anchor_data,18.932,True,0,metrics
1776377319.7453067,1744,anchor_data,20.366,True,0,tl_state
1776377319.794959,1745,anchor_data,20.567,True,0,metrics
1776377319.814198,1745,anchor_data,19.119,True,0,tl_state
1776377319.8320673,1745,anchor_batch,17.763,True,62,vehicles
1776377319.8831935,1746,anchor_data,21.406,True,0,metrics
1776377319.9033012,1746,anchor_data,20.012,True,0,tl_state
1776377319.9460497,1747,anchor_data,16.934,True,0,metrics
1776377319.9665885,1747,anchor_data,20.405,True,0,tl_state
1776377320.015813,1748,anchor_data,20.415,True,0,metrics
1776377320.034838,1748,anchor_data,18.927,True,0,tl_state
1776377320.081943,1749,anchor_data,19.652,True,0,metrics
1776377320.1013548,1749,anchor_data,19.304,True,0,tl_state
1776377320.1507797,1750,anchor_data,18.564,True,0,metrics
1776377320.1746864,1750,anchor_data,23.797,True,0,tl_state
1776377320.194651,1750,anchor_batch,19.872,True,63,vehicles
1776377320.2519152,1751,anchor_data,23.508,True,0,metrics
1776377320.2728188,1751,anchor_data,20.817,True,0,tl_state
1776377320.3217583,1752,anchor_data,19.23,True,0,metrics
1776377320.339714,1752,anchor_data,17.877,True,0,tl_state
1776377320.3895214,1753,anchor_data,18.66,True,0,metrics
1776377320.4098356,1753,anchor_data,20.227,True,0,tl_state
1776377320.4618602,1754,anchor_data,18.964,True,0,metrics
1776377320.4813812,1754,anchor_data,19.417,True,0,tl_state
1776377320.5273187,1755,anchor_data,18.825,True,0,metrics
1776377320.5445464,1755,anchor_data,17.136,True,0,tl_state
1776377320.5611339,1755,anchor_batch,16.514,True,63,vehicles
1776377320.6124783,1756,anchor_data,20.51,True,0,metrics
1776377320.629321,1756,anchor_data,16.742,True,0,tl_state
1776377320.672086,1757,anchor_data,17.784,True,0,metrics
1776377320.6896648,1757,anchor_data,17.49,True,0,tl_state
1776377320.733998,1758,anchor_data,17.684,True,0,metrics
1776377320.752901,1758,anchor_data,18.813,True,0,tl_state
1776377320.7983627,1759,anchor_data,19.045,True,0,metrics
1776377320.8201299,1759,anchor_data,21.68,True,0,tl_state
1776377320.8677282,1760,anchor_data,19.952,True,0,metrics
1776377320.8859525,1760,anchor_data,18.131,True,0,tl_state
1776377320.9012268,1760,anchor_batch,15.198,True,60,vehicles
1776377320.94885,1761,anchor_data,19.325,True,0,metrics
1776377320.9666626,1761,anchor_data,17.714,True,0,tl_state
1776377321.0120058,1762,anchor_data,20.091,True,0,metrics
1776377321.0328023,1762,anchor_data,20.707,True,0,tl_state
1776377321.080134,1763,anchor_data,20.588,True,0,metrics
1776377321.1010747,1763,anchor_data,20.8,True,0,tl_state
1776377321.1452017,1764,anchor_data,19.358,True,0,metrics
1776377321.165958,1764,anchor_data,20.661,True,0,tl_state
1776377321.2125666,1765,anchor_data,20.148,True,0,metrics
1776377321.2312307,1765,anchor_data,18.162,True,0,tl_state
1776377321.2487597,1765,anchor_batch,17.423,True,60,vehicles
1776377321.3165195,1766,anchor_data,26.774,True,0,metrics
1776377321.339552,1766,anchor_data,22.942,True,0,tl_state
1776377321.3882089,1767,anchor_data,20.22,True,0,metrics
1776377321.4065762,1767,anchor_data,18.285,True,0,tl_state
1776377321.4522107,1768,anchor_data,19.249,True,0,metrics
1776377321.4715047,1768,anchor_data,19.205,True,0,tl_state
1776377321.5204551,1769,anchor_data,17.804,True,0,metrics
1776377321.538153,1769,anchor_data,17.614,True,0,tl_state
1776377321.579835,1770,anchor_data,18.393,True,0,metrics
1776377321.5980456,1770,anchor_data,18.108,True,0,tl_state
1776377321.6144035,1770,anchor_batch,16.275,True,57,vehicles
1776377321.6612668,1771,anchor_data,19.208,True,0,metrics
1776377321.678938,1771,anchor_data,17.581,True,0,tl_state
1776377321.7237573,1772,anchor_data,18.451,True,0,metrics
1776377321.7431884,1772,anchor_data,19.31,True,0,tl_state
1776377321.7892654,1773,anchor_data,19.686,True,0,metrics
1776377321.8063607,1773,anchor_data,16.999,True,0,tl_state
1776377321.8507016,1774,anchor_data,18.698,True,0,metrics
1776377321.8696496,1774,anchor_data,18.798,True,0,tl_state
1776377321.915606,1775,anchor_data,18.674,True,0,metrics
1776377321.9345133,1775,anchor_data,18.772,True,0,tl_state
1776377321.9505618,1775,anchor_batch,15.968,True,60,vehicles
1776377321.9971452,1776,anchor_data,19.554,True,0,metrics
1776377322.014957,1776,anchor_data,17.726,True,0,tl_state
1776377322.0569284,1777,anchor_data,17.477,True,0,metrics
1776377322.0754693,1777,anchor_data,18.464,True,0,tl_state
1776377322.1262467,1778,anchor_data,23.029,True,0,metrics
1776377322.145828,1778,anchor_data,19.471,True,0,tl_state
1776377322.1895654,1779,anchor_data,17.487,True,0,metrics
1776377322.207769,1779,anchor_data,18.125,True,0,tl_state
1776377322.2535143,1780,anchor_data,18.096,True,0,metrics
1776377322.2754803,1780,anchor_data,21.89,True,0,tl_state
1776377322.2970095,1780,anchor_batch,21.449,True,62,vehicles
1776377322.348209,1781,anchor_data,21.648,True,0,metrics
1776377322.3654459,1781,anchor_data,17.146,True,0,tl_state
1776377322.4088962,1782,anchor_data,17.6,True,0,metrics
1776377322.4267194,1782,anchor_data,17.726,True,0,tl_state
1776377322.4712186,1783,anchor_data,18.837,True,0,metrics
1776377322.4894266,1783,anchor_data,18.104,True,0,tl_state
1776377322.5335424,1784,anchor_data,17.429,True,0,metrics
1776377322.5508482,1784,anchor_data,17.219,True,0,tl_state
1776377322.5949311,1785,anchor_data,17.775,True,0,metrics
1776377322.6144981,1785,anchor_data,19.45,True,0,tl_state
1776377322.6303437,1785,anchor_batch,15.761,True,61,vehicles
1776377322.6825309,1786,anchor_data,18.36,True,0,metrics
1776377322.7007272,1786,anchor_data,18.118,True,0,tl_state
1776377322.7470832,1787,anchor_data,18.459,True,0,metrics
1776377322.7642512,1787,anchor_data,17.034,True,0,tl_state
1776377322.8090467,1788,anchor_data,19.246,True,0,metrics
1776377322.8283894,1788,anchor_data,19.254,True,0,tl_state
1776377322.871029,1789,anchor_data,16.683,True,0,metrics
1776377322.8896875,1789,anchor_data,18.519,True,0,tl_state
1776377322.9348748,1790,anchor_data,16.803,True,0,metrics
1776377322.953454,1790,anchor_data,18.496,True,0,tl_state
1776377322.9694347,1790,anchor_batch,15.87,True,63,vehicles
1776377323.0232506,1791,anchor_data,20.608,True,0,metrics
1776377323.04097,1791,anchor_data,17.629,True,0,tl_state
1776377323.08703,1792,anchor_data,18.274,True,0,metrics
1776377323.1066868,1792,anchor_data,19.581,True,0,tl_state
1776377323.1510446,1793,anchor_data,17.314,True,0,metrics
1776377323.168412,1793,anchor_data,17.29,True,0,tl_state
1776377323.2174377,1794,anchor_data,20.734,True,0,metrics
1776377323.2418885,1794,anchor_data,24.35,True,0,tl_state
1776377323.2900555,1795,anchor_data,18.944,True,0,metrics
1776377323.3091867,1795,anchor_data,19.019,True,0,tl_state
1776377323.3281658,1795,anchor_batch,18.898,True,65,vehicles
1776377323.3763425,1796,anchor_data,19.18,True,0,metrics
1776377323.41276,1796,anchor_data,36.323,True,0,tl_state
1776377323.4672947,1797,anchor_data,27.297,True,0,metrics
1776377323.4874897,1797,anchor_data,20.104,True,0,tl_state
1776377323.5282567,1798,anchor_data,17.941,True,0,metrics
1776377323.5477316,1798,anchor_data,19.394,True,0,tl_state
1776377323.5938141,1799,anchor_data,19.163,True,0,metrics
1776377323.614301,1799,anchor_data,20.395,True,0,tl_state
1776377323.6581914,1800,anchor_data,18.487,True,0,metrics
1776377323.6782277,1800,anchor_data,19.902,True,0,tl_state
1776377323.6975832,1800,anchor_batch,19.269,True,63,vehicles
1776377323.7513387,1801,anchor_data,23.414,True,0,metrics
1776377323.770181,1801,anchor_data,18.571,True,0,tl_state
1776377323.8137481,1802,anchor_data,17.999,True,0,metrics
1776377323.8338008,1802,anchor_data,19.961,True,0,tl_state
1776377323.8818083,1803,anchor_data,21.729,True,0,metrics
1776377323.9034114,1803,anchor_data,21.472,True,0,tl_state
1776377323.9451447,1804,anchor_data,19.454,True,0,metrics
1776377323.9663746,1804,anchor_data,21.146,True,0,tl_state
1776377324.0065413,1805,anchor_data,18.661,True,0,metrics
1776377324.0274842,1805,anchor_data,20.856,True,0,tl_state
1776377324.0455127,1805,anchor_batch,17.94,True,57,vehicles
1776377324.0927253,1806,anchor_data,21.442,True,0,metrics
1776377324.112104,1806,anchor_data,19.24,True,0,tl_state
1776377324.156887,1807,anchor_data,18.787,True,0,metrics
1776377324.1771781,1807,anchor_data,20.191,True,0,tl_state
1776377324.218136,1808,anchor_data,18.589,True,0,metrics
1776377324.237568,1808,anchor_data,19.344,True,0,tl_state
1776377324.2816274,1809,anchor_data,19.756,True,0,metrics
1776377324.2997587,1809,anchor_data,18.016,True,0,tl_state
1776377324.3425808,1810,anchor_data,18.568,True,0,metrics
1776377324.3628452,1810,anchor_data,20.179,True,0,tl_state
1776377324.3819227,1810,anchor_batch,18.988,True,55,vehicles
1776377324.4272707,1811,anchor_data,20.201,True,0,metrics
1776377324.446886,1811,anchor_data,19.528,True,0,tl_state
1776377324.4872017,1812,anchor_data,19.009,True,0,metrics
1776377324.5072439,1812,anchor_data,19.919,True,0,tl_state
1776377324.548397,1813,anchor_data,16.956,True,0,metrics
1776377324.5668457,1813,anchor_data,18.351,True,0,tl_state
1776377324.609055,1814,anchor_data,19.483,True,0,metrics
1776377324.6296048,1814,anchor_data,20.457,True,0,tl_state
